date,open,high,low,close,volume
2020-01-02,323.54,324.89,322.53,324.87,59037072
2020-01-03,321.16,323.64,321.1,322.41,77708081
2020-01-06,320.49,323.73,320.36,323.64,55596982
2020-01-07,323.02,323.54,322.24,322.73,40461249
2020-01-08,322.94,325.78,322.67,324.45,68177241
2020-01-09,326.16,326.73,325.52,326.65,48421935
2020-01-10,327.29,327.46,325.2,325.71,53028660
2020-01-13,326.39,327.96,325.92,327.95,47026115
2020-01-14,327.47,328.62,326.84,327.45,62784185
2020-01-15,327.35,329.02,327.26,328.19,71870739
2020-01-16,329.7,330.92,329.45,330.92,53788867
2020-01-17,331.7,332.18,330.85,331.95,95778839
2020-01-21,330.9,332.18,330.82,331.3,77624157
2020-01-22,332.24,332.95,331.17,331.34,48705035
2020-01-23,330.63,332.17,329.41,331.72,51828259
2020-01-24,332.44,332.53,327.36,328.77,87465785
2020-01-27,323.03,325.12,322.66,323.5,83797934
2020-01-28,325.06,327.85,323.6,326.89,63519891
2020-01-29,328.38,328.63,326.4,326.62,53714641
2020-01-30,324.36,327.91,323.54,327.68,75184385
2020-01-31,327.0,327.17,320.73,321.73,113659402
2020-02-03,323.35,326.16,323.22,324.12,68931216
2020-02-04,328.07,330.01,327.72,329.06,61704740
2020-02-05,332.27,333.09,330.67,332.86,64864742
2020-02-06,333.91,334.19,332.8,333.98,49982975
2020-02-07,332.82,333.99,331.6,332.2,64074382
2020-02-10,331.23,334.75,331.19,334.68,41779456
2020-02-11,336.16,337.02,334.68,335.26,54773045
2020-02-12,336.83,337.65,336.43,337.42,42844434
2020-02-13,335.86,338.12,335.56,337.06,54038002
2020-02-14,337.51,337.73,336.2,337.6,64518123
2020-02-18,336.51,337.67,335.21,336.73,57195407
2020-02-19,337.79,339.08,337.48,338.34,48587393
2020-02-20,337.74,338.64,333.68,336.95,73891268
2020-02-21,335.47,335.81,332.58,333.48,113656552
2020-02-24,323.14,333.56,321.24,322.42,160991237
2020-02-25,323.94,324.61,311.69,312.65,217564684
2020-02-26,314.18,318.11,310.7,311.5,192818004
2020-02-27,305.46,311.56,297.51,297.51,282544492
2020-02-28,288.7,297.89,285.54,296.26,384911854
2020-03-02,298.21,309.16,294.46,309.09,237377617
2020-03-03,309.5,313.84,297.57,300.24,298851919
2020-03-04,306.12,313.1,303.33,312.86,175893889
2020-03-05,304.98,308.47,300.01,302.46,185533970
2020-03-06,293.15,298.78,290.23,297.46,228315219
2020-03-09,275.3,284.19,273.45,274.23,305980554
2020-03-10,284.64,288.52,273.5,288.42,274894230
2020-03-11,280.7,281.94,270.88,274.36,254604444
2020-03-12,256.0,266.66,247.68,248.11,389612072
2020-03-13,263.09,271.48,248.52,269.32,326142197
2020-03-16,241.18,256.9,237.36,239.85,295019288
2020-03-17,245.04,256.17,237.07,252.8,260566279
2020-03-18,236.25,248.37,228.02,240.0,324845381
2020-03-19,239.25,247.38,232.22,240.51,288124389
2020-03-20,242.53,244.47,228.5,228.8,344276957
2020-03-23,228.19,229.68,218.26,222.95,323100167
2020-03-24,234.42,244.1,233.8,243.15,233038623
2020-03-25,244.87,256.35,239.75,246.79,297989659
2020-03-26,249.52,262.8,249.05,261.2,256107410
2020-03-27,253.27,260.81,251.05,253.42,223871285
2020-03-30,255.7,262.43,253.53,261.65,171274407
2020-03-31,260.56,263.33,256.22,257.75,193290928
2020-04-01,247.98,257.66,243.9,246.15,188373330
2020-04-02,245.19,252.68,244.59,251.83,176669824
2020-04-03,250.76,253.32,245.22,248.19,134538553
2020-04-06,257.84,267.0,248.17,264.86,186692564
2020-04-07,274.21,275.03,264.89,265.13,199187791
2020-04-08,267.96,276.0,265.25,274.03,152670223
2020-04-09,277.58,281.2,275.47,278.2,189948139
2020-04-13,277.14,277.51,271.41,275.66,114353986
2020-04-14,280.98,284.9,275.51,283.79,133510280
2020-04-15,277.57,283.94,275.46,277.76,121155983
2020-04-16,279.15,280.03,275.76,279.1,126144324
2020-04-17,285.38,287.3,282.4,286.64,146455688
2020-04-20,282.61,286.79,281.35,281.59,99323028
2020-04-21,276.73,278.04,272.02,273.04,125772551
2020-04-22,278.35,281.0,276.91,279.1,92831657
2020-04-23,280.49,283.94,278.75,279.08,103685412
2020-04-24,280.73,283.7,278.5,282.97,85042563
2020-04-27,285.12,288.27,284.62,287.05,77516422
2020-04-28,291.02,291.4,285.4,285.73,104797847
2020-04-29,291.53,294.88,290.41,293.21,118066585
2020-04-30,291.71,293.32,288.59,290.48,121537052
2020-05-01,285.31,290.66,281.52,282.79,125045778
2020-05-04,280.74,283.9,279.13,283.57,80462952
2020-05-05,286.64,289.25,283.71,286.19,79199214
2020-05-06,288.04,288.46,283.78,284.25,72980387
2020-05-07,287.75,289.78,287.13,287.68,74788296
2020-05-08,291.09,292.95,289.86,292.44,76446082
2020-05-11,290.34,294.0,289.88,292.5,78982891
2020-05-12,293.79,294.24,286.52,286.67,94484342
2020-05-13,286.06,287.19,278.96,281.6,144035915
2020-05-14,278.95,285.11,272.99,284.97,121473094
2020-05-15,282.37,286.33,281.34,286.28,111015834
2020-05-18,293.05,296.75,292.7,295.0,119719465
2020-05-19,294.35,296.21,291.95,291.97,94317356
2020-05-20,295.82,297.87,295.57,296.93,85279592
2020-05-21,296.79,297.67,293.69,294.88,77863922
2020-05-22,294.57,295.63,293.22,295.44,63697627
2020-05-26,301.93,302.19,295.46,299.08,88604807
2020-05-27,302.12,303.57,296.87,303.53,104086252
2020-05-28,304.65,306.84,302.24,302.97,90232213
2020-05-29,302.46,304.96,299.47,304.32,119067393
2020-06-01,303.62,306.21,303.06,305.55,55696013
2020-06-02,306.55,308.13,305.1,308.08,73635043
2020-06-03,310.24,313.22,309.94,312.18,91750087
2020-06-04,311.11,313.0,309.08,311.36,75471787
2020-06-05,317.23,321.27,317.16,319.34,150302461
2020-06-08,320.22,323.41,319.63,323.2,73310274
2020-06-09,320.3,323.28,319.36,320.79,77174695
2020-06-10,321.42,322.39,318.22,319.0,93944722
2020-06-11,311.46,312.15,300.01,300.61,208285190
2020-06-12,308.24,309.08,298.6,304.21,194450402
2020-06-15,298.02,308.28,296.74,307.05,134968796
2020-06-16,315.48,315.64,307.67,312.96,137048347
2020-06-17,314.07,314.39,310.86,311.66,82814592
2020-06-18,310.01,312.3,309.51,311.78,80355844
2020-06-19,314.17,314.38,306.53,308.64,135211345
2020-06-22,307.99,311.05,306.75,310.62,74007212
2020-06-23,313.49,314.5,311.61,312.05,68066900
2020-06-24,309.84,310.51,302.1,304.09,132067392
2020-06-25,303.47,307.64,301.28,307.35,88966079
2020-06-26,306.16,306.39,299.42,300.05,127811745
2020-06-29,301.41,304.61,298.93,304.46,79773260
2020-06-30,303.99,310.2,303.82,308.36,112828251
2020-07-01,309.57,311.89,309.07,310.52,71910372
2020-07-02,314.24,315.7,311.51,312.23,69214995
2020-07-06,316.37,317.68,315.56,317.05,61149258
2020-07-07,315.38,317.52,313.37,313.78,82583406
2020-07-08,314.61,316.3,312.7,316.18,54202602
2020-07-09,316.84,317.1,310.68,314.38,83079092
2020-07-10,314.31,317.88,312.76,317.59,57454436
2020-07-13,320.13,322.71,314.13,314.84,102549097
2020-07-14,313.3,319.76,312.0,318.92,92791839
2020-07-15,322.41,323.04,319.27,321.85,86921534
2020-07-16,319.79,321.28,319.09,320.79,54433414
2020-07-17,321.88,322.57,319.74,321.72,64421802
2020-07-20,321.43,325.13,320.62,324.32,56150230
2020-07-21,326.45,326.93,323.94,325.01,57245315
2020-07-22,324.62,327.2,324.5,326.86,57792915
2020-07-23,326.47,327.23,321.48,322.96,75737989
2020-07-24,320.95,321.99,319.246,320.88,73766597
2020-07-27,321.63,323.41,320.775,323.22,48292970
2020-07-28,322.43,323.64,320.85,321.17,57494979
2020-07-29,322.12,325.73,322.075,325.12,48454159
2020-07-30,321.9,324.41,319.64,323.96,61861714
2020-07-31,325.9,326.63,321.33,326.52,85210755
2020-08-03,328.32,329.62,327.73,328.79,53077948
2020-08-04,327.86,330.06,327.86,330.06,41917893
2020-08-05,331.47,332.39,331.18,332.11,42866354
2020-08-06,331.4799,334.46,331.13,334.33,43679447
2020-08-07,333.28,334.88,332.3,334.57,57308270
2020-08-10,335.06,335.77,332.955,335.57,44282089
2020-08-11,336.85,337.54,332.01,332.8,69601087
2020-08-12,335.44,338.28,332.8377,337.44,53826128
2020-08-13,336.61,338.2514,335.83,336.83,41816146
2020-08-14,336.41,337.42,335.62,336.84,47260390
2020-08-17,337.94,338.34,336.8517,337.91,34496002
2020-08-18,338.34,339.1,336.61,338.64,38733908
2020-08-19,339.05,339.61,336.62,337.23,68054244
2020-08-20,335.36,338.8,335.22,338.28,42207826
2020-08-21,337.92,339.72,337.55,339.48,55106628
2020-08-24,342.12,343.0,339.4504,342.92,48588662
2020-08-25,343.53,344.21,342.27,344.12,38463381
2020-08-26,344.76,347.86,344.17,347.57,50790237
2020-08-27,348.51,349.9,346.53,348.33,58034142
2020-08-28,349.44,350.72,348.15,350.58,48588940
2020-08-31,350.35,351.3,349.06,349.31,66099183
2020-09-01,350.21,352.71,349.24,352.6,54999325
2020-09-02,354.67,358.75,353.43,357.7,69540035
2020-09-03,355.87,356.38,342.59,345.39,148011129
2020-09-04,346.13,347.83,334.87,342.57,139156281
2020-09-08,336.71,342.64,332.88,333.21,114465322
2020-09-09,337.55,342.46,336.61,339.79,91462290
2020-09-10,341.82,342.53,332.85,333.89,90569548
2020-09-11,335.82,336.97,331.0,334.06,84680194
2020-09-14,337.49,340.38,334.2208,338.46,65605686
2020-09-15,341.12,342.02,338.4683,340.17,52920862
2020-09-16,341.51,343.06,338.52,338.82,82211256
2020-09-17,333.56,337.6996,332.991,335.84,91523339
2020-09-18,335.37,335.49,327.97,330.65,105877942
2020-09-21,325.7,327.13,321.73,326.97,99450829
2020-09-22,328.57,330.9,325.86,330.3,63612107
2020-09-23,330.9,331.2,322.1,322.64,93112240
2020-09-24,321.22,326.797,319.8,323.5,76681332
2020-09-25,322.58,329.58,321.64,328.73,71069426
2020-09-28,333.22,334.96,332.15,334.19,64584614
2020-09-29,333.97,334.77,331.6209,332.37,51531594
2020-09-30,333.09,338.29,332.88,334.89,104081136
2020-10-01,337.69,338.74,335.01,337.04,88698745
2020-10-02,331.7,337.0126,331.19,333.84,89431112
2020-10-05,336.06,339.96,336.01,339.76,45713108
2020-10-06,339.91,342.17,334.38,334.93,90128883
2020-10-07,338.12,341.63,338.09,340.76,56999597
2020-10-08,342.85,343.85,341.86,343.78,45242476
2020-10-09,345.56,347.35,344.89,346.85,59528606
2020-10-12,349.59,354.02,349.06,352.43,80388533
2020-10-13,352.28,352.4651,349.09,350.13,73255513
2020-10-14,350.75,351.93,347.14,347.93,57958749
2020-10-15,343.71,348.02,343.13,347.5,60357659
2020-10-16,348.96,350.75,347.1,347.29,89501868
2020-10-19,348.65,349.33,341.04,342.01,68425614
2020-10-20,343.46,346.88,342.64,343.38,60051880
2020-10-21,343.33,348.6847,342.4,342.73,63574979
2020-10-22,342.96,345.24,340.65,344.61,55399292
2020-10-23,345.93,345.99,343.13,345.78,49143931
2020-10-26,342.13,342.98,335.62,339.39,91473002
2020-10-27,339.76,340.12,337.99,338.22,65994108
2020-10-28,332.1,338.2483,326.13,326.66,127094307
2020-10-29,326.91,333.395,325.09,329.98,90597689
2020-10-30,328.28,329.69,322.6,326.54,120448685
2020-11-02,330.2,332.36,327.24,330.2,86068299
2020-11-03,333.69,338.25,330.2935,336.03,93294192
2020-11-04,340.86,347.94,339.59,343.54,126959700
2020-11-05,349.24,352.19,348.86,350.24,82039749
2020-11-06,349.93,351.51,347.65,350.16,74972973
2020-11-09,363.97,364.38,354.06,354.56,172304203
2020-11-10,353.49,355.18,350.51,354.04,85552022
2020-11-11,356.4,357.56,355.06,356.67,58649048
2020-11-12,355.58,356.7182,351.26,353.21,68118563
2020-11-13,355.27,358.9,354.71,358.1,62959429
2020-11-16,360.98,362.78,359.59,362.57,74541138
2020-11-17,359.97,361.92,358.34,360.62,66111009
2020-11-18,360.91,361.5,356.24,356.28,70591299
2020-11-19,355.6,358.18,354.15,357.78,59940947
2020-11-20,357.5,357.72,355.25,355.33,70411890
2020-11-23,357.28,358.82,354.865,357.46,63230608
2020-11-24,360.21,363.81,359.29,363.22,60985003
2020-11-25,363.13,363.16,361.48,362.66,45330890
2020-11-27,363.84,364.18,362.58,363.67,28514072
2020-11-30,362.83,363.12,359.17,362.06,83872709
2020-12-01,365.57,367.68,364.93,366.02,72509670
2020-12-02,364.82,366.96,364.2,366.79,45927000
2020-12-03,366.68,368.19,365.5,366.69,62881998
2020-12-04,367.32,369.85,367.22,369.85,50749859
2020-12-07,369.02,369.62,367.72,369.09,48944269
2020-12-08,367.72,370.78,367.67,370.17,42458859
2020-12-09,370.88,371.05,365.95,366.85,74098312
2020-12-10,365.37,367.86,364.43,366.73,57735353
2020-12-11,364.9,366.7402,363.26,366.3,57698614
2020-12-14,368.64,369.8,364.47,364.66,69216174
2020-12-15,367.4,369.59,365.92,369.59,64071099
2020-12-16,369.82,371.16,368.8676,370.17,58420517
2020-12-17,371.94,372.46,371.05,372.24,64119472
2020-12-18,370.97,371.15,367.02,369.18,136542328
2020-12-21,364.97,378.46,362.03,367.86,96386745
2020-12-22,368.21,368.3317,366.03,367.24,48388462
2020-12-23,368.28,369.62,367.2172,367.57,46201402
2020-12-24,368.08,369.03,367.45,369.0,26457853
2020-12-28,371.74,372.59,371.07,372.17,37932709
2020-12-29,373.81,374.0,370.83,371.46,53680451
2020-12-30,372.34,373.1,371.57,371.99,49455259
2020-12-31,371.78,374.66,371.232,373.88,78520702
2021-01-04,375.31,375.45,364.82,368.79,110210810
2021-01-05,368.1,372.5,368.05,371.33,66426229
2021-01-06,369.71,376.98,369.12,373.55,107997675
2021-01-07,376.1,379.9,375.91,379.1,68766812
2021-01-08,380.59,381.49,377.1,381.26,71677208
2021-01-11,377.85,380.58,377.7189,378.69,51176719
2021-01-12,378.89,379.86,376.36,378.77,51440114
2021-01-13,378.69,380.86,377.85,379.79,45303619
2021-01-14,380.59,381.13,378.1,378.46,49989113
2021-01-15,376.72,377.58,373.7,375.7,107159962
2021-01-19,378.34,379.23,376.75,378.65,51233300
2021-01-20,381.11,384.79,380.69,383.89,61836062
2021-01-21,384.49,384.95,383.25,384.24,47955809
2021-01-22,382.25,384.1256,381.835,382.88,52136931
2021-01-25,383.67,384.77,378.46,384.39,70401971
2021-01-26,385.41,385.85,383.54,383.79,42665281
2021-01-27,380.22,380.32,372.01,374.41,123351078
2021-01-28,376.36,381.93,375.89,377.63,94198104
2021-01-29,375.63,376.67,368.27,370.07,126765121
2021-02-01,373.72,377.34,370.376,376.23,75817597
2021-02-02,379.65,383.22,376.3181,381.55,62923781
2021-02-03,382.435,383.7,380.48,381.85,52427090
2021-02-04,382.96,386.24,381.9655,386.19,47142555
2021-02-05,388.2,388.47,386.1444,387.71,48669773
2021-02-08,389.27,390.56,388.35,390.51,38365185
2021-02-09,389.61,390.89,389.17,390.25,34142633
2021-02-10,392.12,392.28,387.5,390.08,58362935
2021-02-11,391.24,391.69,388.1,390.71,42913288
2021-02-12,389.85,392.9,389.77,392.64,50593270
2021-02-16,393.96,394.17,391.53,392.3,50972366
2021-02-17,390.42,392.66,389.33,392.39,51746878
2021-02-18,389.59,391.515,387.74,390.72,59712773
2021-02-19,392.07,392.38,389.55,390.03,83240971
2021-02-22,387.06,389.62,386.74,387.03,66517089
2021-02-23,384.66,388.945,380.2,387.5,107284127
2021-02-24,386.33,392.23,385.27,391.77,72433946
2021-02-25,390.41,391.88,380.7789,382.33,144712701
2021-02-26,384.35,385.58,378.23,380.36,149530614
2021-03-01,385.59,390.92,380.572,389.58,105348798
2021-03-02,389.82,390.07,386.0,386.54,79595332
2021-03-03,385.79,386.83,381.31,381.42,119940211
2021-03-04,381.22,384.0,371.88,376.7,183433020
2021-03-05,380.46,384.76,372.64,383.63,152039624
2021-03-08,384.66,387.68,381.42,381.72,123149245
2021-03-09,385.85,389.91,381.7299,387.17,113633556
2021-03-10,389.69,391.4,388.1702,389.58,109899410
2021-03-11,392.23,395.65,391.74,393.53,86245040
2021-03-12,392.07,394.21,391.2,394.06,64653565
2021-03-15,394.33,396.685,392.03,396.41,73592302
2021-03-16,397.07,397.83,395.08,395.91,73722506
2021-03-17,394.53,398.12,393.3,397.26,97959265
2021-03-18,394.475,396.72,390.75,391.48,115349101
2021-03-19,389.88,391.569,387.15,389.48,113624490
2021-03-22,390.03,394.07,389.97,392.59,73778646
2021-03-23,391.91,393.46,388.66,389.5,90686552
2021-03-24,391.0,392.75,387.47,387.52,97588644
2021-03-25,385.98,390.55,383.9,389.7,116128622
2021-03-26,390.93,396.41,390.29,395.98,114409114
2021-03-29,394.4,396.75,392.81,395.78,108107626
2021-03-30,394.42,395.45,393.02,394.73,76262249
2021-03-31,395.34,398.0,395.31,396.33,112734214
2021-04-01,398.4,400.67,398.18,400.61,99682876
2021-04-05,403.46,406.94,403.38,406.36,91684764
2021-04-06,405.76,407.24,405.4,406.12,62020953
2021-04-07,405.94,406.96,405.45,406.59,55836280
2021-04-08,407.93,408.58,406.93,408.52,57863114
2021-04-09,408.39,411.67,408.26,411.49,61104559
2021-04-12,410.85,411.93,410.2,411.64,56704899
2021-04-13,411.53,413.529,411.12,412.86,56550988
2021-04-14,412.83,413.96,410.87,411.45,61659907
2021-04-15,413.74,416.16,413.69,415.87,60229842
2021-04-16,417.25,417.91,415.73,417.26,82037278
2021-04-19,416.26,416.74,413.79,415.21,78498496
2021-04-20,413.91,415.0859,410.59,412.17,81851828
2021-04-21,411.51,416.29,411.36,416.07,66792983
2021-04-22,415.89,416.78,411.13,412.27,97582788
2021-04-23,412.87,418.25,412.79,416.74,73276195
2021-04-26,417.44,418.22,416.8111,417.61,52182392
2021-04-27,417.93,418.14,416.3,417.52,51303056
2021-04-28,417.81,419.01,416.9,417.4,51238854
2021-04-29,420.32,420.72,416.44,420.06,78544329
2021-04-30,417.63,418.54,416.34,417.3,85527030
2021-05-03,419.43,419.84,417.665,418.2,68128289
2021-05-04,416.07,416.6,411.67,415.62,101591166
2021-05-05,417.38,417.63,415.15,415.75,39960661
2021-05-06,415.83,419.21,413.675,419.07,74321368
2021-05-07,419.89,422.815,419.16,422.12,67733790
2021-05-10,422.5,422.74,417.81,417.94,81852446
2021-05-11,413.1,415.27,410.06,414.21,116887975
2021-05-12,411.23,412.59,404.0,405.41,134811046
2021-05-13,407.07,412.35,407.02,410.28,106393963
2021-05-14,413.21,417.49,413.18,416.58,82201629
2021-05-17,415.39,416.39,413.36,415.52,65129221
2021-05-18,415.8,416.06,411.77,411.94,59810238
2021-05-19,406.92,411.05,405.33,410.86,106467052
2021-05-20,411.8,416.625,411.67,415.28,78022218
2021-05-21,416.87,418.2,414.45,414.94,76578662
2021-05-24,417.34,420.32,417.08,419.17,51376702
2021-05-25,420.33,420.71,417.62,418.24,57451396
2021-05-26,418.87,419.61,417.76,419.07,43088618
2021-05-27,420.17,420.72,418.9851,419.29,56707677
2021-05-28,420.97,421.25,419.79,420.04,58520164
2021-06-01,422.57,422.72,419.2,419.67,54216625
2021-06-02,420.37,421.23,419.29,420.33,49097061
2021-06-03,417.85,419.99,416.28,418.77,58138763
2021-06-04,420.75,422.92,418.8422,422.6,55938789
2021-06-07,422.59,422.78,421.19,422.19,51555032
2021-06-08,423.11,423.21,420.32,422.28,47134279
2021-06-09,423.18,423.26,421.41,421.65,48436342
2021-06-10,422.96,424.63,421.55,423.61,51020147
2021-06-11,424.2,424.43,422.82,424.31,45570828
2021-06-14,424.43,425.37,423.1,425.26,42358478
2021-06-15,425.42,425.46,423.54,424.48,51508508
2021-06-16,424.63,424.87,419.92,422.11,79250069
2021-06-17,421.67,423.02,419.32,421.97,90949659
2021-06-18,417.09,417.8281,414.7,414.92,118676302
2021-06-21,416.8,421.06,415.93,420.86,72822028
2021-06-22,420.85,424.0,420.08,423.11,57700303
2021-06-23,423.19,424.05,422.51,422.6,49445414
2021-06-24,424.89,425.55,424.62,425.1,45110288
2021-06-25,425.9,427.0943,425.55,426.61,58129525
2021-06-28,427.17,427.65,425.89,427.47,53159581
2021-06-29,427.88,428.56,427.13,427.7,35970515
2021-06-30,427.21,428.78,427.18,428.06,64827858
2021-07-01,428.87,430.6,428.8,430.43,53441027
2021-07-02,431.67,434.1,430.5218,433.72,57697668
2021-07-06,433.78,434.01,430.01,432.93,68710419
2021-07-07,433.66,434.76,431.51,434.46,63549456
2021-07-08,428.78,431.73,427.52,430.92,97595232
2021-07-09,432.53,435.84,430.714,435.52,76238584
2021-07-12,435.43,437.35,434.97,437.08,52889585
2021-07-13,436.24,437.84,435.31,435.59,52911312
2021-07-14,437.4,437.92,434.91,436.24,64130352
2021-07-15,434.81,435.53,432.72,434.75,55126358
2021-07-16,436.01,436.06,430.92,431.34,75874662
2021-07-19,426.19,431.4089,421.97,424.97,147987000
2021-07-20,425.68,432.42,424.83,431.06,99608174
2021-07-21,432.34,434.7,431.0111,434.55,64724389
2021-07-22,434.74,435.72,433.69,435.46,47878539
2021-07-23,437.52,440.3,436.79,439.94,63766637
2021-07-26,439.31,441.03,439.26,441.02,43719187
2021-07-27,439.91,439.94,435.99,439.01,67397137
2021-07-28,439.68,440.3,437.31,438.83,52472360
2021-07-29,439.815,441.8,439.81,440.65,45910298
2021-07-30,437.91,440.06,437.77,438.51,68951202
2021-08-02,440.34,440.93,437.21,437.59,58783297
2021-08-03,438.44,441.28,436.1,441.15,58053896
2021-08-04,439.78,441.1243,438.73,438.98,46732212
2021-08-05,440.22,441.85,439.88,441.76,38969659
2021-08-06,442.1,442.94,441.8,442.49,46930008
2021-08-09,442.46,442.795,441.31,442.13,41222585
2021-08-10,442.61,443.44,441.88,442.68,43339275
2021-08-11,443.82,443.882,442.62,443.78,44034340
2021-08-12,443.62,445.2572,442.66,445.11,38942418
2021-08-13,445.59,445.94,445.07,445.92,38673164
2021-08-16,444.53,447.11,442.87,446.97,73930864
2021-08-17,444.24,444.96,440.85,444.04,92673933
2021-08-18,442.96,444.625,438.92,439.18,89351931
2021-08-19,436.27,441.14,436.12,439.86,92812246
2021-08-20,440.23,443.71,439.71,443.36,72008712
2021-08-23,445.16,448.23,443.4355,447.26,54973038
2021-08-24,447.97,448.54,447.42,447.97,38744714
2021-08-25,448.17,449.457,447.77,448.91,40529711
2021-08-26,448.61,448.86,446.16,446.26,57829572
2021-08-27,447.12,450.65,447.06,450.25,77235113
2021-08-30,450.97,453.07,450.71,452.23,48357355
2021-08-31,452.13,452.49,450.92,451.56,59300213
2021-09-01,452.56,453.11,451.545,451.8,48721378
2021-09-02,453.32,454.05,451.91,453.19,42830867
2021-09-03,451.98,453.63,451.55,453.08,47234364
2021-09-07,452.71,452.81,450.7423,451.46,51671534
2021-09-08,450.89,451.67,448.86,450.91,56181907
2021-09-09,450.7,452.57,448.72,448.98,57970407
2021-09-10,451.04,451.49,445.31,445.44,89948174
2021-09-13,448.64,448.92,444.11,446.58,83738649
2021-09-14,448.12,448.34,443.22,444.17,78197140
2021-09-15,444.62,448.41,443.44,447.88,78792222
2021-09-16,447.32,448.36,444.02,447.17,77786735
2021-09-17,444.92,445.37,441.02,441.4,118425037
2021-09-20,434.88,436.56,428.86,434.04,166445534
2021-09-21,436.53,437.91,433.07,433.63,92526112
2021-09-22,436.05,440.03,433.747,437.86,102350143
2021-09-23,439.85,444.89,439.6,443.18,76395981
2021-09-24,441.44,444.67,441.21,443.91,62094837
2021-09-27,442.81,444.05,441.9,442.64,61371108
2021-09-28,439.69,440.04,432.94,433.72,130436306
2021-09-29,435.19,437.04,433.85,434.45,82329213
2021-09-30,436.02,436.77,428.78,429.14,140505979
2021-10-01,430.98,436.0329,427.23,434.24,129240106
2021-10-04,433.0,433.96,426.36,428.64,128569957
2021-10-05,430.24,435.49,429.39,433.1,90682520
2021-10-06,429.27,435.1199,427.54,434.9,113032245
2021-10-07,438.39,441.68,438.2,438.66,72437499
2021-10-08,439.48,439.89,437.19,437.86,74557404
2021-10-11,437.16,440.26,434.62,434.69,65233285
2021-10-12,435.67,436.1,432.78,433.62,71181163
2021-10-13,434.71,436.05,431.54,435.18,72973979
2021-10-14,439.08,442.66,438.58,442.5,70236825
2021-10-15,444.75,446.26,444.09,445.87,66260210
2021-10-18,443.97,447.55,443.27,447.19,62213228
2021-10-19,448.92,450.71,448.27,450.64,46996827
2021-10-20,451.13,452.732,451.01,452.41,49571569
2021-10-21,451.77,453.829,451.31,453.59,41305438
2021-10-22,453.13,454.67,451.05,453.12,58845088
2021-10-25,454.28,455.9,452.39,455.55,45214507
2021-10-26,457.2,458.49,455.56,455.96,56075116
2021-10-27,456.45,457.16,453.86,453.94,72437997
2021-10-28,455.46,458.4,455.45,458.32,51437944
2021-10-29,455.87,459.56,455.56,459.25,70162424
2021-11-01,460.3,460.7021,458.2,460.04,47474495
2021-11-02,460.22,462.23,460.08,461.9,47840033
2021-11-03,461.3,465.15,460.83,464.72,52509825
2021-11-04,465.36,467.0,464.99,466.91,52847087
2021-11-05,469.28,470.65,466.92,468.53,66390563
2021-11-08,469.7,470.23,468.2031,468.93,50405194
2021-11-09,469.32,469.57,465.88,467.38,50232447
2021-11-10,465.58,467.38,462.04,463.62,69429653
2021-11-11,465.21,465.29,463.75,463.77,34848495
2021-11-12,465.12,467.86,464.11,467.27,51018081
2021-11-15,468.64,468.81,466.23,467.43,46980500
2021-11-16,467.15,470.485,467.07,469.28,48857502
2021-11-17,469.0,469.19,467.48,468.14,47858289
2021-11-18,469.24,470.01,466.34,469.73,50625607
2021-11-19,469.61,470.94,468.5,468.89,57315573
2021-11-22,470.89,473.54,467.35,467.57,72761954
2021-11-23,467.22,469.095,464.45,468.19,73206538
2021-11-24,466.06,469.57,465.19,469.44,61858813
2021-11-26,462.34,463.9,457.77,458.97,112669636
2021-11-29,464.07,466.56,461.73,464.6,86268818
2021-11-30,462.0,464.03,455.3,455.56,148559598
2021-12-01,461.64,464.67,450.29,450.5,132485835
2021-12-02,450.73,459.07,450.31,457.4,127637758
2021-12-03,459.17,460.3,448.92,453.42,137331647
2021-12-06,456.13,460.79,453.56,458.79,98977532
2021-12-07,464.41,468.88,458.6546,468.28,95484688
2021-12-08,468.7,470.0,466.83,469.52,72238777
2021-12-09,468.15,469.6291,466.14,466.35,61272568
2021-12-10,469.23,470.9,466.51,470.74,77159757
2021-12-13,470.19,470.56,466.27,466.57,87724680
2021-12-14,463.09,465.74,460.25,463.36,97264128
2021-12-15,463.42,470.86,460.74,470.6,116899251
2021-12-16,472.57,472.87,464.8,466.45,116568626
2021-12-17,461.55,464.74,458.06,459.87,135636510
2021-12-20,454.48,455.4,451.14,454.98,107134822
2021-12-21,458.61,463.21,456.31,463.06,69806260
2021-12-22,462.79,467.81,462.58,467.69,58890223
2021-12-23,468.75,472.19,468.64,470.6,56439745
2021-12-27,472.06,477.31,472.01,477.26,56808619
2021-12-28,477.72,478.81,476.06,476.87,47274585
2021-12-29,476.98,478.56,475.92,477.48,54502964
2021-12-30,477.93,479.0,475.67,476.16,55329041
2021-12-31,475.64,476.86,474.67,474.96,63617437
2022-01-03,476.3,477.85,473.85,477.71,72668233
2022-01-04,479.22,479.98,475.58,477.55,71178678
2022-01-05,477.16,477.98,468.2801,468.38,104538940
2022-01-06,467.89,470.82,465.43,467.94,86858900
2022-01-07,467.95,469.2,464.65,466.09,85111593
2022-01-10,462.7,465.74,456.5973,465.51,119361989
2022-01-11,465.23,469.85,462.05,469.75,73332978
2022-01-12,471.59,473.2,468.94,471.02,67605444
2022-01-13,472.19,472.88,463.44,464.53,91173121
2022-01-14,461.19,465.09,459.9,464.72,95890948
2022-01-18,459.74,459.96,455.31,456.49,107848237
2022-01-19,458.13,459.6124,451.46,451.75,104945382
2022-01-20,453.75,458.74,444.5,446.75,122379696
2022-01-21,445.56,448.06,437.95,437.98,202271241
2022-01-24,432.03,440.38,420.76,439.84,252496719
2022-01-25,433.06,439.72,427.15,434.47,167997325
2022-01-26,440.72,444.04,428.86,433.38,186391088
2022-01-27,438.26,441.59,429.45,431.24,149878307
2022-01-28,432.68,442.0,427.82,441.95,164457370
2022-01-31,441.24,450.28,439.81,449.91,152251425
2022-02-01,450.68,453.63,446.9384,452.95,123155382
2022-02-02,455.5,458.12,453.05,457.35,117360953
2022-02-03,450.95,452.97,445.71,446.6,118024442
2022-02-04,446.35,452.78,443.83,448.7,118454352
2022-02-07,449.51,450.99,445.85,447.26,84472859
2022-02-08,446.73,451.92,445.22,450.94,81012036
2022-02-09,455.22,457.88,455.005,457.54,92589929
2022-02-10,451.34,457.71,447.2,449.32,140103712
2022-02-11,449.41,451.605,438.94,440.46,153214597
2022-02-14,439.92,441.6,435.34,439.02,123006262
2022-02-15,443.73,446.28,443.18,446.1,88659503
2022-02-16,443.93,448.055,441.94,446.6,84863585
2022-02-17,443.22,446.5652,436.42,437.06,102259108
2022-02-18,437.33,438.66,431.82,434.23,132642896
2022-02-22,431.89,435.5,425.86,429.57,122145129
2022-02-23,432.66,433.26,421.35,421.95,132578005
2022-02-24,411.02,428.76,410.64,428.3,213942946
2022-02-25,429.61,437.84,427.86,437.75,121804459
2022-02-28,432.03,438.2,430.7,436.63,145615029
2022-03-01,435.04,437.17,427.11,429.98,137785908
2022-03-02,432.37,439.72,431.57,437.89,117726525
2022-03-03,440.47,441.11,433.8,435.71,105501715
2022-03-04,431.75,433.37,427.88,432.17,114083256
2022-03-07,431.55,432.3018,419.36,419.43,137896560
2022-03-08,419.62,427.21,415.12,416.25,164772744
2022-03-09,425.14,429.51,422.82,427.41,116990765
2022-03-10,422.52,426.43,420.44,425.48,93972655
2022-03-11,428.12,428.77,419.53,420.07,95636277
2022-03-14,420.89,424.55,415.79,417.0,95729188
2022-03-15,419.77,426.84,418.42,426.17,106219117
2022-03-16,429.89,435.68,424.8,435.62,144954805
2022-03-17,433.59,441.07,433.19,441.07,102676870
2022-03-18,438.0,444.86,437.22,444.52,102665985
2022-03-21,444.34,446.46,440.68,444.39,87350111
2022-03-22,445.86,450.58,445.86,449.59,73464881
2022-03-23,446.91,448.49,443.71,443.8,79426098
2022-03-24,445.94,450.5,444.76,450.49,64736892
2022-03-25,451.16,452.98,448.43,452.69,76123606
2022-03-28,452.06,455.91,450.06,455.91,68529767
2022-03-29,460.02,462.07,457.18,461.55,86581542
2022-03-30,460.34,461.195,456.465,458.7,79666942
2022-03-31,457.89,458.76,451.16,451.64,121699948
2022-04-01,453.31,453.46,449.14,452.92,89048773
2022-04-04,453.13,456.91,452.26,456.8,59601000
2022-04-05,455.22,457.83,449.82,451.03,72741037
2022-04-06,446.89,448.93,443.47,446.52,106897970
2022-04-07,445.59,450.69,443.53,448.77,78097214
2022-04-08,447.97,450.63,445.94,447.57,79272711
2022-04-11,444.11,445.0,439.39,439.92,89770538
2022-04-12,443.08,445.75,436.6501,438.29,84363635
2022-04-13,438.03,444.11,437.84,443.31,74070394
2022-04-14,443.55,444.7301,437.68,437.79,97869451
2022-04-18,436.81,439.75,435.61,437.97,66002498
2022-04-19,437.86,445.8,437.68,445.04,77821013
2022-04-20,446.92,447.57,443.48,444.71,64140001
2022-04-21,448.54,450.01,437.1,438.06,85417327
2022-04-22,436.91,438.0825,425.44,426.04,132471772
2022-04-25,423.67,428.69,418.84,428.51,119647748
2022-04-26,425.83,426.04,416.07,416.1,100647304
2022-04-27,417.24,422.92,415.01,417.27,122029990
2022-04-28,422.29,429.64,417.6,427.81,105449088
2022-04-29,423.59,425.87,411.21,412.0,145491088
2022-05-02,412.07,415.92,405.02,414.48,158312526
2022-05-03,415.01,418.93,413.36,416.38,100028190
2022-05-04,417.08,429.66,413.7099,429.06,141106960
2022-05-05,424.55,425.0,409.44,413.81,172929106
2022-05-06,411.1,414.8,405.73,411.34,151770811
2022-05-09,405.1,406.41,396.5,398.17,155586067
2022-05-10,404.49,406.08,394.82,399.09,132497200
2022-05-11,398.07,404.04,391.96,392.75,142360992
2022-05-12,389.37,395.8,385.15,392.34,125090753
2022-05-13,396.71,403.18,395.61,401.72,104174421
2022-05-16,399.98,403.97,397.6,400.09,78622444
2022-05-17,406.53,408.57,402.5824,408.32,83029710
2022-05-18,403.5,403.8,390.55,391.86,117674545
2022-05-19,388.62,394.14,387.11,389.46,98510715
2022-05-20,393.25,397.03,380.54,389.63,131432197
2022-05-23,392.83,397.73,390.38,396.92,76414878
2022-05-24,392.56,395.15,386.96,393.89,91448831
2022-05-25,392.31,399.45,391.89,397.37,91472866
2022-05-26,398.67,407.04,398.45,405.31,82168339
2022-05-27,407.91,415.3801,407.7,415.26,84768710
2022-05-31,413.55,416.46,410.03,412.93,95936980
2022-06-01,415.17,416.24,406.93,409.59,86585813
2022-06-02,409.42,417.44,407.04,417.39,79609633
2022-06-03,412.4,414.04,409.51,410.54,71874281
2022-06-06,414.78,416.609,410.5523,411.79,57508858
2022-06-07,408.1,416.22,407.61,415.74,59272373
2022-06-08,413.93,415.82,410.38,411.22,64349966
2022-06-09,409.34,411.74,401.44,401.44,86289796
2022-06-10,394.88,395.7777,389.75,389.8,132893864
2022-06-13,379.85,381.81,373.3,375.0,170004861
2022-06-14,376.85,377.94,370.59,373.87,104011831
2022-06-15,377.36,383.9,372.12,379.2,125666797
2022-06-16,370.51,370.94,364.0799,366.65,134473288
2022-06-17,365.51,369.38,362.17,365.86,111113904
2022-06-21,371.89,376.525,371.81,375.07,76811861
2022-06-22,370.62,378.72,370.18,374.39,90059424
2022-06-23,376.64,378.83,372.89,378.06,79292135
2022-06-24,381.4,390.09,381.365,390.08,98050333
2022-06-27,391.05,391.36,387.44,388.59,66009617
2022-06-28,390.23,393.16,380.53,380.65,86689824
2022-06-29,381.23,382.27,378.42,380.34,65675999
2022-06-30,376.24,380.6582,372.56,377.25,112508273
2022-07-01,376.56,381.7,373.8,381.24,74839729
2022-07-05,375.88,381.98,372.9,381.96,81437965
2022-07-06,382.11,385.87,379.6,383.25,70426244
2022-07-07,385.12,389.83,383.267,388.99,64525919
2022-07-08,387.27,390.64,385.66,388.67,72397765
2022-07-11,385.85,386.87,383.5,384.23,58366945
2022-07-12,383.65,386.16,378.99,380.83,62219178
2022-07-13,375.1,381.92,374.658,378.83,84224649
2022-07-14,373.61,379.0498,371.04,377.91,89704819
2022-07-15,382.55,385.25,380.54,385.13,79060383
2022-07-18,388.38,389.09,380.66,381.95,63203626
2022-07-19,386.08,392.87,385.39,392.27,78505972
2022-07-20,392.47,396.26,391.03,394.77,71843769
2022-07-21,394.16,398.84,391.63,398.79,64903856
2022-07-22,398.92,400.18,392.75,395.09,72197332
2022-07-25,395.75,396.47,393.21,395.57,53631485
2022-07-26,393.84,394.06,389.95,390.89,52946393
2022-07-27,394.36,402.88,394.05,401.04,82342106
2022-07-28,401.89,406.8,398.15,406.07,73966563
2022-07-29,407.58,413.03,406.77,411.99,87003672
2022-08-01,409.15,413.41,408.4,410.77,69997471
2022-08-02,409.12,413.0,406.82,408.06,63435418
2022-08-03,410.3,415.68,410.0,414.45,67820555
2022-08-04,414.37,415.09,412.44,414.17,45656574
2022-08-05,409.66,414.15,409.6,413.47,56814929
2022-08-08,415.25,417.62,411.83,412.99,54025965
2022-08-09,412.22,412.75,410.22,411.35,44931772
2022-08-10,418.78,420.14,416.72,419.99,68665712
2022-08-11,422.99,424.95,419.21,419.99,59489704
2022-08-12,422.03,427.21,421.03,427.1,61694542
2022-08-15,424.765,429.41,424.71,428.86,54048280
2022-08-16,427.73,431.73,426.88,429.7,59289039
2022-08-17,425.91,429.5,424.54,426.65,63563394
2022-08-18,426.86,428.61,425.5,427.89,49023206
2022-08-19,424.98,425.26,421.22,422.14,68016902
2022-08-22,417.05,417.23,412.4,413.35,77695640
2022-08-23,412.9,415.42,411.77,412.35,49105249
2022-08-24,412.11,415.1101,411.39,413.67,49177804
2022-08-25,415.24,419.56,414.09,419.51,50942252
2022-08-26,419.39,419.96,405.25,405.31,103086976
2022-08-29,402.2,405.84,401.1999,402.63,64289165
2022-08-30,403.85,404.1,396.0,398.21,85652443
2022-08-31,399.93,401.24,395.04,395.18,76029671
2022-09-01,392.89,396.78,390.04,396.42,78740084
2022-09-02,400.28,401.555,390.33,392.24,99632149
2022-09-06,393.13,394.12,388.42,390.76,74798116
2022-09-07,390.43,398.59,390.2,397.78,70964232
2022-09-08,395.39,400.86,394.12,400.38,80821681
2022-09-09,402.74,407.51,402.46,406.6,76706918
2022-09-12,408.78,411.73,408.46,410.97,69256262
2022-09-13,401.83,403.1,391.92,393.1,122947081
2022-09-14,394.47,396.2,391.12,394.6,85023747
2022-09-15,392.96,395.96,388.78,390.12,87633840
2022-09-16,384.14,386.25,382.11,385.56,103084819
2022-09-19,382.26,388.55,382.1784,388.55,73278490
2022-09-20,385.06,386.12,381.195,384.09,77274882
2022-09-21,386.11,389.31,377.38,377.39,106746554
2022-09-22,376.58,377.66,373.44,374.22,87465927
2022-09-23,370.58,370.62,363.29,367.95,122346933
2022-09-26,366.41,370.21,363.0299,364.31,92581244
2022-09-27,368.02,370.4,360.87,363.38,108294074
2022-09-28,364.38,372.3,362.6,370.53,110802217
2022-09-29,366.81,367.11,359.7,362.79,112952315
2022-09-30,361.8,365.91,357.04,357.18,153711243
2022-10-03,361.08,368.55,359.21,366.61,89756479
2022-10-04,372.4,378.0,366.5677,377.97,103602775
2022-10-05,373.39,379.46,370.95,377.09,88065669
2022-10-06,375.62,378.72,372.68,373.2,82333543
2022-10-07,368.97,373.2933,360.94,362.79,107789498
2022-10-10,363.96,364.21,357.67,360.02,76042765
2022-10-11,358.235,363.03,355.71,357.74,92482785
2022-10-12,358.17,359.8179,356.3,356.56,76991799
2022-10-13,349.205,367.51,348.11,365.97,147254518
2022-10-14,368.55,370.26,356.96,357.63,123737013
2022-10-17,364.01,367.9799,357.2808,366.82,93168231
2022-10-18,375.13,375.45,367.52,371.13,97162850
2022-10-19,368.99,371.85,365.55,368.5,79746863
2022-10-20,368.03,372.67,364.61,365.41,88283087
2022-10-21,365.12,374.8,363.54,374.29,131038379
2022-10-24,375.89,380.06,373.11,378.87,85436907
2022-10-25,378.79,385.25,378.671,384.92,78846348
2022-10-26,381.62,387.58,381.35,382.02,104087348
2022-10-27,383.07,385.0,379.33,379.98,81971756
2022-10-28,379.87,389.52,379.68,389.02,100301958
2022-10-31,386.44,388.4,385.26,386.21,96631258
2022-11-01,390.14,390.39,383.29,384.52,85407598
2022-11-02,383.9,388.63,374.76,374.87,126990356
2022-11-03,371.465,374.2,368.79,371.01,87100115
2022-11-04,377.0,378.87,370.0,376.35,103505182
2022-11-07,377.71,380.57,375.53,379.95,68286947
2022-11-08,381.11,385.12,377.72,382.0,84641062
2022-11-09,379.93,381.14,373.61,374.13,78495470
2022-11-10,388.05,395.04,385.642,394.69,141455847
2022-11-11,395.59,399.35,393.61,398.51,93839872
2022-11-14,396.66,400.1799,394.83,395.12,71893165
2022-11-15,401.15,402.31,394.49,398.49,93194452
2022-11-16,396.78,397.78,394.79,395.45,68508454
2022-11-17,390.46,394.95,390.14,394.24,74496255
2022-11-18,397.74,397.81,393.04,396.03,92922451
2022-11-21,394.64,395.82,392.66,394.59,51243189
2022-11-22,396.63,400.07,395.1527,399.9,60429025
2022-11-23,399.55,402.93,399.31,402.42,68261628
2022-11-25,401.83,402.91,401.535,402.33,30545434
2022-11-28,399.09,400.81,395.11,395.91,68021749
2022-11-29,396.05,397.3,393.3,395.23,52310039
2022-11-30,395.49,407.68,393.48,407.68,144566653
2022-12-01,408.77,410.0,404.75,407.38,76398170
2022-12-02,402.25,407.86,402.14,406.91,85342731
2022-12-05,403.95,404.93,398.17,399.59,77289815
2022-12-06,399.42,399.99,391.64,393.83,77972217
2022-12-07,392.94,395.64,391.97,393.16,65927896
2022-12-08,395.14,397.36,393.2684,396.24,60737912
2022-12-09,394.94,397.62,393.15,393.28,81447733
2022-12-12,394.11,398.95,393.412,398.95,75405835
2022-12-13,410.22,410.49,399.07,401.97,123782534
2022-12-14,401.61,405.5,396.31,399.4,108111349
2022-12-15,394.3,395.25,387.885,389.63,117705889
2022-12-16,385.18,386.575,381.04,383.27,119857952
2022-12-19,383.47,383.82,378.28,380.02,79878103
2022-12-20,379.23,382.23,377.85,380.54,74427240
2022-12-21,383.25,387.41,382.69,386.23,78167369
2022-12-22,383.05,386.2134,374.77,380.72,100120855
2022-12-23,379.65,383.06,378.03,382.91,59857329
2022-12-27,382.79,383.15,379.65,381.4,51638180
2022-12-28,381.33,383.39,376.42,376.66,70911520
2022-12-29,379.63,384.35,379.08,383.44,66970877
2022-12-30,380.64,382.58,378.43,382.43,84022205
2023-01-03,384.37,386.43,377.831,380.82,74850731
2023-01-04,383.18,385.88,380.0,383.76,85934098
2023-01-05,381.72,381.84,378.76,379.38,76970456
2023-01-06,382.61,389.25,379.4127,388.08,104189603
2023-01-09,390.37,393.7,387.67,387.86,73978071
2023-01-10,387.25,390.65,386.27,390.58,65358094
2023-01-11,392.23,395.6,391.38,395.52,68881080
2023-01-12,396.67,398.485,392.42,396.96,90157699
2023-01-13,393.62,399.1,393.34,398.5,63903932
2023-01-17,398.48,400.23,397.06,397.77,62677281
2023-01-18,399.01,400.12,391.28,391.49,99632262
2023-01-19,389.36,391.08,387.26,388.64,86958919
2023-01-20,390.1,396.04,388.38,395.88,91806356
2023-01-23,396.72,402.645,395.72,400.63,84178797
2023-01-24,398.88,401.15,397.64,400.2,59524911
2023-01-25,395.95,400.7,393.56,400.35,84800251
2023-01-26,403.13,404.92,400.03,404.75,72287425
2023-01-27,403.655,408.16,403.44,405.68,68346180
2023-01-30,402.8,405.13,400.28,400.59,74202018
2023-01-31,401.13,406.53,400.77,406.48,86811786
2023-02-01,405.211,413.67,402.35,410.8,101459155
2023-02-02,414.86,418.31,412.88,416.78,101654463
2023-02-03,411.59,416.97,411.09,412.35,94736781
2023-02-06,409.79,411.29,408.1,409.83,60295325
2023-02-07,408.87,416.49,407.57,415.19,90990745
2023-02-08,413.13,414.53,409.93,410.65,76227462
2023-02-09,414.41,414.57,405.81,407.09,78694859
2023-02-10,405.86,408.44,405.01,408.04,70769715
2023-02-13,408.72,412.97,408.24,412.83,64913539
2023-02-14,411.24,415.05,408.511,412.64,88389313
2023-02-15,410.35,414.06,409.47,413.98,61685279
2023-02-16,408.79,412.91,408.14,408.28,76431469
2023-02-17,406.06,407.51,404.05,407.26,89257815
2023-02-21,403.06,404.16,398.82,399.09,82655924
2023-02-22,399.52,401.13,397.02,398.54,83742293
2023-02-23,401.56,402.2,396.25,400.66,96242399
2023-02-24,395.42,397.25,393.64,396.38,108194413
2023-02-27,399.87,401.29,396.75,397.73,80444736
2023-02-28,397.23,399.28,396.15,396.26,96438567
2023-03-01,395.41,396.69,393.38,394.74,99706823
2023-03-02,392.68,398.69,392.33,397.81,85404726
2023-03-03,399.71,404.45,399.03,404.19,90119952
2023-03-06,405.05,407.45,404.01,404.47,72795946
2023-03-07,404.42,404.67,397.625,398.27,108310596
2023-03-08,398.39,399.71,396.59,398.92,74746632
2023-03-09,399.74,401.48,390.53,391.56,111945322
2023-03-10,390.99,393.16,384.32,385.91,189252996
2023-03-13,381.81,390.39,380.65,385.36,157789967
2023-03-14,390.5,393.45,387.05,391.73,149752357
2023-03-15,385.89,389.49,383.71,389.28,172996933
2023-03-16,386.82,396.47,386.29,396.11,143753940
2023-03-17,393.22,394.4,388.55,389.99,140553411
2023-03-20,390.8,394.17,390.07,393.74,93055783
2023-03-21,397.24,399.41,395.58,398.91,91524248
2023-03-22,398.73,402.49,392.07,392.11,111746583
2023-03-23,395.09,399.29,390.35,393.17,119351319
2023-03-24,391.841,395.84,389.4,395.75,107770124
2023-03-27,398.12,398.92,395.56,396.49,74010408
2023-03-28,395.77,396.49,393.69,395.6,62871680
2023-03-29,399.925,401.6,398.68,401.35,77497876
2023-03-30,404.09,404.35,401.76,403.7,69840049
2023-03-31,404.66,409.7,404.55,409.39,112062624
2023-04-03,408.85,411.37,408.44,410.95,67391097
2023-04-04,411.62,411.92,407.24,408.67,66601534
2023-04-05,407.91,408.7,405.88,407.6,65200243
2023-04-06,406.77,409.48,405.678,409.19,63743345
2023-04-10,406.61,409.69,405.97,409.61,63681042
2023-04-11,410.26,411.18,408.92,409.72,59297945
2023-04-12,411.87,412.17,407.44,408.05,86420379
2023-04-13,409.18,413.84,407.9922,413.47,85814754
2023-04-14,412.81,415.09,410.06,412.46,78161500
2023-04-17,412.37,413.96,411.085,413.94,65496534
2023-04-18,415.58,415.72,412.7802,414.21,63559997
2023-04-19,412.22,415.08,412.16,414.14,55227330
2023-04-20,411.21,413.7,410.27,411.88,75840359
2023-04-21,412.19,412.68,410.17,412.2,73457422
2023-04-24,411.99,413.07,410.6,412.63,64332095
2023-04-25,410.58,411.16,406.02,406.08,97766721
2023-04-26,406.72,407.84,403.78,404.36,78319853
2023-04-27,407.0,412.69,406.74,412.41,92968369
2023-04-28,411.49,415.94,411.43,415.93,89433137
2023-05-01,415.47,417.62,415.265,415.51,62122254
2023-05-02,414.77,414.82,407.82,410.84,103998484
2023-05-03,411.36,413.87,407.77,408.02,91531769
2023-05-04,406.93,407.27,403.74,405.13,94901863
2023-05-05,408.91,413.72,408.64,412.63,87891791
2023-05-08,412.97,413.24,411.28,412.74,50046768
2023-05-09,411.13,412.09,410.6894,410.93,49220119
2023-05-10,413.88,414.535,408.87,412.85,96142922
2023-05-11,411.95,412.43,409.97,412.13,70157064
2023-05-12,413.42,413.64,409.07,411.59,70481548
2023-05-15,412.22,413.43,410.23,413.01,54289383
2023-05-16,411.86,412.815,410.24,410.25,57705495
2023-05-17,412.35,415.855,410.635,415.23,87286957
2023-05-18,414.9,419.67,414.67,419.23,97177195
2023-05-19,420.17,420.72,417.35,418.62,103793317
2023-05-22,418.64,420.39,417.35,418.79,60745399
2023-05-23,417.08,418.722,413.68,414.09,86383493
2023-05-24,412.42,412.82,409.8795,411.09,89213678
2023-05-25,414.74,416.16,412.4101,414.65,90961606
2023-05-26,415.33,420.77,415.25,420.02,93829975
2023-05-30,422.03,422.58,418.735,420.18,72215960
2023-05-31,418.28,419.22,416.22,417.85,106350372
2023-06-01,418.09,422.92,416.79,421.82,88865018
2023-06-02,424.5,428.74,423.95,427.92,91426171
2023-06-05,428.28,429.62,426.37,427.1,65460158
2023-06-06,426.67,428.5772,425.99,428.03,64022175
2023-06-07,428.44,429.62,426.11,426.55,85373275
2023-06-08,426.62,429.6,425.82,429.13,61952842
2023-06-09,429.96,431.99,428.87,429.9,85647268
2023-06-12,430.92,433.88,430.17,433.8,76256703
2023-06-13,435.32,437.33,434.63,436.66,95899704
2023-06-14,437.01,439.0612,433.59,437.18,100612080
2023-06-15,436.33,443.9,436.23,442.6,110303091
2023-06-16,443.02,443.6078,438.97,439.46,114165849
2023-06-20,437.45,438.37,435.03,437.18,76160359
2023-06-21,436.16,436.99,434.33,434.94,76982251
2023-06-22,433.95,436.62,433.6,436.51,70637175
2023-06-23,432.93,435.06,432.47,433.21,92074537
2023-06-26,432.62,434.61,431.19,431.44,72823560
2023-06-27,432.35,436.81,431.88,436.17,72813699
2023-06-28,435.05,437.44,434.41,436.39,75635976
2023-06-29,435.96,438.28,435.54,438.11,67882304
2023-06-30,441.44,444.3,441.11,443.28,104964019
2023-07-03,442.92,444.08,442.63,443.79,32793378
2023-07-05,441.91,443.889,441.9,443.13,58418432
2023-07-06,439.42,440.1,437.06,439.66,80658302
2023-07-07,438.63,442.64,438.3,438.55,86134178
2023-07-10,438.18,439.84,437.585,439.66,62443501
2023-07-11,440.45,442.97,439.44,442.46,64463752
2023-07-12,446.39,447.4799,444.91,446.02,91924527
2023-07-13,447.9,450.38,447.45,449.56,72425241
2023-07-14,450.475,451.36,448.49,449.28,69815823
2023-07-17,449.13,451.93,449.08,450.84,52680221
2023-07-18,450.5,454.86,450.0484,454.19,80744448
2023-07-19,455.01,456.43,454.1119,455.2,65891688
2023-07-20,454.17,455.1,451.44,452.18,70591642
2023-07-21,453.96,454.165,452.17,452.18,71275618
2023-07-24,453.37,455.04,452.298,454.2,54023382
2023-07-25,453.92,456.735,453.87,455.44,55191240
2023-07-26,454.47,456.99,453.38,455.51,71052885
2023-07-27,459.02,459.44,451.55,452.49,92194375
2023-07-28,455.88,457.78,452.4918,456.92,80011790
2023-07-31,457.41,458.16,456.045,457.79,62040449
2023-08-01,456.27,457.25,455.49,456.48,55502199
2023-08-02,453.25,453.52,449.3499,450.13,93933369
2023-08-03,448.04,450.79,447.37,448.84,64419692
2023-08-04,450.72,452.895,446.27,446.81,100128902
2023-08-07,448.71,450.865,447.99,450.71,58357464
2023-08-08,448.08,450.6952,445.2705,448.75,71361324
2023-08-09,449.03,449.1999,444.96,445.75,78789575
2023-08-10,448.19,451.7,444.7,445.91,93005495
2023-08-11,443.97,446.7007,443.345,445.65,68690902
2023-08-14,444.7,448.11,444.38,448.11,47867441
2023-08-15,446.27,446.64,442.3,442.89,75707534
2023-08-16,442.46,444.18,439.53,439.64,80107206
2023-08-17,441.16,441.43,435.75,436.29,95711315
2023-08-18,433.37,437.57,433.01,436.5,98851960
2023-08-21,437.55,440.11,435.32,439.34,68718957
2023-08-22,441.18,441.18,437.57,438.15,65062861
2023-08-23,439.25,443.67,439.1,443.03,68441021
2023-08-24,444.69,445.22,436.855,436.89,88517272
2023-08-25,438.68,441.3,435.0,439.97,102325103
2023-08-28,442.24,443.4,439.9728,442.76,61595393
2023-08-29,442.65,449.45,442.46,449.16,83081916
2023-08-30,449.51,451.67,448.78,451.01,69053911
2023-08-31,451.65,452.83,450.16,450.35,66084563
2023-09-01,453.17,453.67,449.68,451.19,58944098
2023-09-05,450.73,451.06,449.17,449.24,55166210
2023-09-06,448.4,448.51,443.81,446.22,70758512
2023-09-07,443.11,445.55,442.75,444.85,70355426
2023-09-08,444.9,447.11,444.53,445.52,62068437
2023-09-11,448.24,448.77,446.4699,448.45,60180118
2023-09-12,446.95,448.53,445.39,445.99,67565422
2023-09-13,446.22,447.71,445.0793,446.51,60199272
2023-09-14,449.07,451.08,447.715,450.36,83430814
2023-09-15,447.14,447.48,442.92,443.37,111848859
2023-09-18,443.05,444.97,442.56,443.63,55752213
2023-09-19,442.68,443.29,439.94,442.71,66514648
2023-09-20,444.01,444.435,438.43,438.64,82562602
2023-09-21,435.7,435.97,431.23,431.39,104095826
2023-09-22,432.45,434.1,429.99,430.42,100829684
2023-09-25,429.17,432.27,428.72,432.23,70874534
2023-09-26,429.09,429.82,425.02,425.88,96168436
2023-09-27,427.09,427.67,422.29,426.05,104705847
2023-09-28,425.48,430.2499,424.87,428.52,92258308
2023-09-29,431.67,431.85,425.91,427.48,115111319
2023-10-02,426.62,428.6,424.46,427.31,83798599
2023-10-03,425.06,427.3729,420.18,421.59,103760607
2023-10-04,422.07,425.4299,420.56,424.66,87452968
2023-10-05,424.36,425.37,421.1701,424.5,70142744
2023-10-06,421.97,431.125,420.6,429.54,113273309
2023-10-09,427.58,432.88,427.0101,432.29,80374362
2023-10-10,432.94,437.22,432.53,434.54,78607268
2023-10-11,435.64,436.58,433.18,436.32,62451736
2023-10-12,436.95,437.335,431.23,433.66,81154230
2023-10-13,435.21,436.45,429.88,431.5,95201132
2023-10-16,433.82,437.14,433.57,436.04,75433194
2023-10-17,432.81,438.14,432.45,436.02,75324708
2023-10-18,434.19,435.18,429.09,430.21,93559798
2023-10-19,430.95,432.82,425.725,426.43,121322957
2023-10-20,425.98,426.54,421.08,421.19,123919874
2023-10-23,419.61,424.45,417.8,420.46,92035095
2023-10-24,422.65,424.82,420.74,423.63,78564239
2023-10-25,421.89,421.92,417.015,417.55,94223198
2023-10-26,416.45,417.325,411.6,412.55,115156761
2023-10-27,414.19,414.6,409.21,410.68,107367671
2023-10-30,413.56,416.68,412.22,415.59,86562675
2023-10-31,416.18,418.53,414.21,418.2,79665150
2023-11-01,419.2,423.5,418.6499,422.66,98068115
2023-11-02,426.58,430.915,426.56,430.76,94938909
2023-11-03,433.14,436.29,433.01,434.69,100167775
2023-11-06,435.47,436.1498,433.68,435.69,67831660
2023-11-07,435.69,437.585,434.51,436.93,64256114
2023-11-08,437.55,438.09,434.87,437.25,61746027
2023-11-09,438.43,438.47,433.4,433.84,83174417
2023-11-10,435.98,440.93,433.8335,440.61,89558054
2023-11-13,439.23,441.33,438.42,440.19,52236068
2023-11-14,446.32,450.06,446.09,448.73,97176935
2023-11-15,450.11,451.38,448.8,449.68,77327573
2023-11-16,449.22,450.56,448.12,450.23,66665797
2023-11-17,450.24,451.42,449.29,450.79,83193902
2023-11-20,450.53,455.125,450.52,454.26,70055633
2023-11-21,453.1842,454.131,451.9599,453.27,49244639
2023-11-22,454.98,456.38,453.8895,455.02,59446573
2023-11-24,455.07,455.5,454.73,455.3,29737375
2023-11-27,454.65,455.4901,454.0799,454.48,50505985
2023-11-28,454.08,456.27,453.5,454.93,62115011
2023-11-29,457.15,458.32,454.2,454.61,63145992
2023-11-30,455.48,456.76,453.34,456.4,79752700
2023-12-01,455.77,459.65,455.16,459.1,89183400
2023-12-04,455.6,459.1206,454.34,456.69,72430888
2023-12-05,455.26,457.59,454.87,456.6,69793469
2023-12-06,458.81,458.84,454.31,454.76,67701116
2023-12-07,456.91,458.9,456.29,458.23,66995446
2023-12-08,457.46,460.745,457.21,460.2,83194404
2023-12-11,459.69,462.17,459.47,461.99,65002247
2023-12-12,461.63,464.2,460.6,464.1,68327617
2023-12-13,464.49,470.7599,464.12,470.5,93277960
2023-12-14,472.5,473.73,469.25,472.01,119026049
2023-12-15,469.49,470.7,467.4263,469.33,141553673
2023-12-18,470.98,472.98,469.8929,471.97,70375285
2023-12-19,472.53,474.92,472.45,474.84,52024922
2023-12-20,473.96,475.895,467.82,468.26,102920959
2023-12-21,471.33,472.975,468.84,472.7,86667465
2023-12-22,473.86,475.38,471.7,473.65,67160419
2023-12-26,474.07,476.58,473.99,475.65,55386952
2023-12-27,475.44,476.66,474.89,476.51,63874396
2023-12-28,476.88,477.55,476.26,476.69,77158116
2023-12-29,476.49,477.03,473.3,475.31,122283149
