date,open,high,low,close,volume,returns,log_returns,volatility,short_ma,long_ma,signal,position_change
2023-01-03 00:00:00+00:00,384.37,386.43,377.831,380.82,74850731,,,,,,0,
2023-01-04 00:00:00+00:00,383.18,385.88,380.0,383.76,85934098,0.007720182763510275,0.0076905346473747,,,,0,0.0
2023-01-05 00:00:00+00:00,381.72,381.84,378.76,379.38,76970456,-0.011413383364602847,-0.011479015895231615,,,,0,0.0
2023-01-06 00:00:00+00:00,382.61,389.25,379.4127,388.08,104189603,0.0229321524592756,0.0226731626383842,,,,0,0.0
2023-01-09 00:00:00+00:00,390.37,393.7,387.67,387.86,73978071,-0.0005668934240361523,-0.0005670541688662555,,,,0,0.0
2023-01-10 00:00:00+00:00,387.25,390.65,386.27,390.58,65358094,0.007012839684422234,0.0069883640865416,,,,0,0.0
2023-01-11 00:00:00+00:00,392.23,395.6,391.38,395.52,68881080,0.012647857033130316,0.012568540974635067,,,,0,0.0
2023-01-12 00:00:00+00:00,396.67,398.485,392.42,396.96,90157699,0.00364077669902918,0.0036341651142196693,,,,0,0.0
2023-01-13 00:00:00+00:00,393.62,399.1,393.34,398.5,63903932,0.003879484079000406,0.003871978286778857,,,,0,0.0
2023-01-17 00:00:00+00:00,398.48,400.23,397.06,397.77,62677281,-0.0018318695106650518,-0.001833549435532696,,,,0,0.0
2023-01-18 00:00:00+00:00,399.01,400.12,391.28,391.49,99632262,-0.01578801820147313,-0.015913976474265158,,,,0,0.0
2023-01-19 00:00:00+00:00,389.36,391.08,387.26,388.64,86958919,-0.007279879434979208,-0.007306507066609511,,,,0,0.0
2023-01-20 00:00:00+00:00,390.1,396.04,388.38,395.88,91806356,0.018629065459036642,0.018457669774628,,,,0,0.0
2023-01-23 00:00:00+00:00,396.72,402.645,395.72,400.63,84178797,0.011998585429928266,0.011927173067783311,,,,0,0.0
2023-01-24 00:00:00+00:00,398.88,401.15,397.64,400.2,59524911,-0.0010733095374785284,-0.0010738859466406948,,,,0,0.0
2023-01-25 00:00:00+00:00,395.95,400.7,393.56,400.35,84800251,0.0003748125937033109,0.0003747423690099632,,,,0,0.0
2023-01-26 00:00:00+00:00,403.13,404.92,400.03,404.75,72287425,0.010990383414512195,0.01093042803910157,,,,0,0.0
2023-01-27 00:00:00+00:00,403.655,408.16,403.44,405.68,68346180,0.002297714638665793,0.0022950789290190616,,,,0,0.0
2023-01-30 00:00:00+00:00,402.8,405.13,400.28,400.59,74202018,-0.012546834943798157,-0.012626211122781377,,,,0,0.0
2023-01-31 00:00:00+00:00,401.13,406.53,400.77,406.48,86811786,0.014703312613894681,0.01459626692149429,,394.696,,0,0.0
2023-02-01 00:00:00+00:00,405.211,413.67,402.35,410.8,101459155,0.010627829167486613,0.01057175076892661,0.010432658808161566,396.19500000000005,,0,0.0
2023-02-02 00:00:00+00:00,414.86,418.31,412.88,416.78,101654463,0.014556962025316311,0.014452026588540324,0.010675405987672866,397.846,,0,0.0
2023-02-03 00:00:00+00:00,411.59,416.97,411.09,412.35,94736781,-0.010629108882383886,-0.010686001363579114,0.01061635255079512,399.49449999999996,,0,0.0
2023-02-06 00:00:00+00:00,409.79,411.29,408.1,409.83,60295325,-0.006111313204801849,-0.006130063711859043,0.009884485154190456,400.582,,0,0.0
2023-02-07 00:00:00+00:00,408.87,416.49,407.57,415.19,90990745,0.013078593563184748,0.012993807215710453,0.01010992088546883,401.9485,,0,0.0
2023-02-08 00:00:00+00:00,413.13,414.53,409.93,410.65,76227462,-0.010934752763794964,-0.010994976597014684,0.010564190367306893,402.952,,0,0.0
2023-02-09 00:00:00+00:00,414.41,414.57,405.81,407.09,78694859,-0.008669183002556924,-0.008706978968159723,0.010568358174604222,403.53049999999996,,0,0.0
2023-02-10 00:00:00+00:00,405.86,408.44,405.01,408.04,70769715,0.002333636296642183,0.002330917596276734,0.010558431278041907,404.0845,,0,0.0
2023-02-13 00:00:00+00:00,408.72,412.97,408.24,412.83,64913539,0.011739045191647701,0.011670677130981681,0.010797933412028232,404.801,,0,0.0
2023-02-14 00:00:00+00:00,411.24,415.05,408.511,412.64,88389313,-0.0004602378703097987,-0.000460343812265346,0.010777833516713,405.5445,,0,0.0
2023-02-15 00:00:00+00:00,410.35,414.06,409.47,413.98,61685279,0.003247382706475399,0.0032421213466098373,0.009942503232283805,406.669,,0,0.0
2023-02-16 00:00:00+00:00,408.79,412.91,408.14,408.28,76431469,-0.013768781100536365,-0.013864449944346924,0.010386214482217286,407.651,,0,0.0
2023-02-17 00:00:00+00:00,406.06,407.51,404.05,407.26,89257815,-0.0024982854903496943,-0.0025014114129287036,0.009714135936917832,408.21999999999997,,0,0.0
2023-02-21 00:00:00+00:00,403.06,404.16,398.82,399.09,82655924,-0.020060894760104198,-0.020264846758444924,0.010497623531573862,408.143,,0,0.0
2023-02-22 00:00:00+00:00,399.52,401.13,397.02,398.54,83742293,-0.0013781352577111328,-0.0013790857594857767,0.010499270827683456,408.06,,0,0.0
2023-02-23 00:00:00+00:00,401.56,402.2,396.25,400.66,96242399,0.005319415867917954,0.0053053177490683745,0.010570388199312839,408.07550000000003,,0,0.0
2023-02-24 00:00:00+00:00,395.42,397.25,393.64,396.38,108194413,-0.010682374082763513,-0.010739840257304857,0.010505008666098227,407.657,,0,0.0
2023-02-27 00:00:00+00:00,399.87,401.29,396.75,397.73,80444736,0.003405822695393468,0.0034000360164898186,0.010526172191482747,407.2595,,0,0.0
2023-02-28 00:00:00+00:00,397.23,399.28,396.15,396.26,96438567,-0.0036959746561738838,-0.003702821646578554,0.010193139586528148,407.043,,0,0.0
2023-03-01 00:00:00+00:00,395.41,396.69,393.38,394.74,99706823,-0.0038358653409377164,-0.0038432411401512784,0.009561798941997266,406.456,,0,0.0
2023-03-02 00:00:00+00:00,392.68,398.69,392.33,397.81,85404726,0.0077772711151644636,0.007747184038381961,0.009392496114905276,405.80649999999997,,0,0.0
2023-03-03 00:00:00+00:00,399.71,404.45,399.03,404.19,90119952,0.016037806993288273,0.015910560071522653,0.009531077344774559,405.177,,0,0.0
2023-03-06 00:00:00+00:00,405.05,407.45,404.01,404.47,72795946,0.0006927435117147773,0.0006925036756851097,0.009292903871914072,404.783,,0,0.0
2023-03-07 00:00:00+00:00,404.42,404.67,397.625,398.27,108310596,-0.015328701757856056,-0.015447400871124195,0.009779562635261398,404.205,,0,0.0
2023-03-08 00:00:00+00:00,398.39,399.71,396.59,398.92,74746632,0.0016320586536773263,0.0016307282932402868,0.009206788742542544,403.3915,,0,0.0
2023-03-09 00:00:00+00:00,399.74,401.48,390.53,391.56,111945322,-0.018449814499147732,-0.01862213514043767,0.009730939029709697,402.437,,0,0.0
2023-03-10 00:00:00+00:00,390.99,393.16,384.32,385.91,189252996,-0.01442946164061698,-0.014534578736324003,0.010009627464110124,401.37800000000004,,0,0.0
2023-03-13 00:00:00+00:00,381.81,390.39,380.65,385.36,157789967,-0.0014252027674847012,-0.0014262193349402262,0.009946809922380846,400.244,,0,0.0
2023-03-14 00:00:00+00:00,390.5,393.45,387.05,391.73,149752357,0.016529997924019213,0.016394864643464138,0.010364505596975195,399.189,,0,0.0
2023-03-15 00:00:00+00:00,385.89,389.49,383.71,389.28,172996933,-0.006254307814055671,-0.006273947930216966,0.010383432360976394,398.021,399.4108,-1,-1.0
2023-03-16 00:00:00+00:00,386.82,396.47,386.29,396.11,143753940,0.017545211672832073,0.017393071423942103,0.01127946250735405,397.1275,399.7166,-1,0.0
2023-03-17 00:00:00+00:00,393.22,394.4,388.55,389.99,140553411,-0.015450253717401718,-0.01557085268984003,0.011376524319500498,396.213,399.84119999999996,-1,0.0
2023-03-20 00:00:00+00:00,390.8,394.17,390.07,393.74,93055783,0.009615631170029948,0.009569695222626741,0.011679781469930433,395.53700000000003,400.12840000000006,-1,0.0
2023-03-21 00:00:00+00:00,397.24,399.41,395.58,398.91,91524248,0.013130492202976685,0.01304503454478312,0.011272864202458564,395.528,400.345,-1,0.0
2023-03-22 00:00:00+00:00,398.73,402.49,392.07,392.11,111746583,-0.017046451580557065,-0.017193414865615837,0.011903260093673993,395.2065,400.43,-1,0.0
2023-03-23 00:00:00+00:00,395.09,399.29,390.35,393.17,119351319,0.002703323047104078,0.0026996756412876735,0.01184734676807541,394.832,400.4818,-1,0.0
2023-03-24 00:00:00+00:00,391.841,395.84,389.4,395.75,107770124,0.006562046951700262,0.0065406104487253924,0.011722981994879485,394.8005,400.4864,-1,0.0
2023-03-27 00:00:00+00:00,398.12,398.92,395.56,396.49,74010408,0.0018698673404926591,0.0018681213147759624,0.011704414560596297,394.73850000000004,400.47700000000003,-1,0.0
2023-03-28 00:00:00+00:00,395.77,396.49,393.69,395.6,62871680,-0.0022446972180887315,-0.0022472203273405217,0.011685371607618488,394.7055,400.41900000000004,-1,0.0
2023-03-29 00:00:00+00:00,399.925,401.6,398.68,401.35,77497876,0.014534883720930258,0.014430264829028837,0.012084704662079315,395.036,400.4906,-1,0.0
2023-03-30 00:00:00+00:00,404.09,404.35,401.76,403.7,69840049,0.005855238569826726,0.005838163281309164,0.012034675643570417,395.33050000000003,400.73479999999995,-1,0.0
2023-03-31 00:00:00+00:00,404.66,409.7,404.55,409.39,112062624,0.014094624721327609,0.013996219080722017,0.011912439431555543,395.5905,401.14979999999997,-1,0.0
2023-04-03 00:00:00+00:00,408.85,411.37,408.44,410.95,67391097,0.003810547399790032,0.003803305654891863,0.011932628164345706,395.9145,401.4512,-1,0.0
2023-04-04 00:00:00+00:00,411.62,411.92,407.24,408.67,66601534,-0.00554812020927109,-0.005563568192875277,0.01142370068538229,396.4345,401.612,-1,0.0
2023-04-05 00:00:00+00:00,407.91,408.7,405.88,407.6,65200243,-0.002618249443316123,-0.002621683053063882,0.01145769595940663,396.8685,401.76,-1,0.0
2023-04-06 00:00:00+00:00,406.77,409.48,405.678,409.19,63743345,0.003900883218841855,0.003893294502626768,0.010496149517978956,397.75,401.9368,-1,0.0
2023-04-10 00:00:00+00:00,406.61,409.69,405.97,409.61,63681042,0.0010264180454067073,0.001025891638582921,0.00974504525996844,398.935,402.034,-1,0.0
2023-04-11 00:00:00+00:00,410.26,411.18,408.92,409.72,59297945,0.00026854813114907117,0.00026851207855412625,0.0097115963107456,400.153,402.11480000000006,-1,0.0
2023-04-12 00:00:00+00:00,411.87,412.17,407.44,408.05,86420379,-0.004075954310260754,-0.004084283653082067,0.009297636213848312,400.969,402.264,-1,0.0
2023-04-13 00:00:00+00:00,409.18,413.84,407.9922,413.47,85814754,0.01328268594534987,0.013195244525946406,0.009401214504553522,402.1785,402.40380000000005,-1,0.0
2023-04-14 00:00:00+00:00,412.81,415.09,410.06,412.46,78161500,-0.002442740706701918,-0.002445729065297396,0.008825173522497313,402.996,402.43699999999995,1,2.0
2023-04-17 00:00:00+00:00,412.37,413.96,411.085,413.94,65496534,0.0035882267371381005,0.0035818044101713262,0.00780465005248654,404.1935,402.38019999999995,1,0.0
2023-04-18 00:00:00+00:00,415.58,415.72,412.7802,414.21,63559997,0.0006522684447021199,0.0006520558100983468,0.007661614385682992,405.217,402.41740000000004,1,0.0
2023-04-19 00:00:00+00:00,412.22,415.08,412.16,414.14,55227330,-0.00016899640279088857,-0.00016901068429200423,0.0072631469336959615,405.9785,402.5036,1,0.0
2023-04-20 00:00:00+00:00,411.21,413.7,410.27,411.88,75840359,-0.005457091804703662,-0.005472036123328575,0.006029536201942888,406.967,402.4374,1,0.0
2023-04-21 00:00:00+00:00,412.19,412.68,410.17,412.2,73457422,0.0007769253180538449,0.0007766236678086255,0.006041151240468943,407.91850000000005,402.4684,1,0.0
2023-04-24 00:00:00+00:00,411.99,413.07,410.6,412.63,64332095,0.0010431829209121002,0.0010426391837209052,0.0059658081819421085,408.7625,402.57919999999996,1,0.0
2023-04-25 00:00:00+00:00,410.58,411.16,406.02,406.08,97766721,-0.015873785231321103,-0.016001123114056864,0.007195583504548046,409.24199999999996,402.54,1,0.0
2023-04-26 00:00:00+00:00,406.72,407.84,403.78,404.36,78319853,-0.0042356185973206895,-0.00424461424016596,0.0072595288803593274,409.68,402.37059999999997,1,0.0
2023-04-27 00:00:00+00:00,407.0,412.69,406.74,412.41,92968369,0.019908002769809086,0.0197124298655815,0.007856922519784164,410.233,402.36600000000004,1,0.0
2023-04-28 00:00:00+00:00,411.49,415.94,411.43,415.93,89433137,0.008535195557818565,0.008498976720200236,0.00795928203222891,410.8445,402.405,1,0.0
2023-05-01 00:00:00+00:00,415.47,417.62,415.265,415.51,62122254,-0.0010097853004111812,-0.0010102954770624826,0.007400660828920175,411.1505,402.5496,1,0.0
2023-05-02 00:00:00+00:00,414.77,414.82,407.82,410.84,103998484,-0.011239200019253492,-0.011302837096972707,0.007827820401469579,411.145,402.62120000000004,1,0.0
2023-05-03 00:00:00+00:00,411.36,413.87,407.77,408.02,91531769,-0.006863985979943532,-0.006887651487020474,0.00788238516763267,411.1125,402.7998,1,0.0
2023-05-04 00:00:00+00:00,406.93,407.27,403.74,405.13,94901863,-0.007082986128130964,-0.007108189555238636,0.008020949040480771,410.98900000000003,402.93159999999995,1,0.0
2023-05-05 00:00:00+00:00,408.91,413.72,408.64,412.63,87891791,0.01851257621010549,0.018343304384735255,0.009023914859470268,411.16099999999994,403.171,1,0.0
2023-05-08 00:00:00+00:00,412.97,413.24,411.28,412.74,50046768,0.0002665826527397108,0.00026654712589809285,0.009022991679255932,411.3175,403.4982,1,0.0
2023-05-09 00:00:00+00:00,411.13,412.09,410.6894,410.93,49220119,-0.004385327324708088,-0.004394971076914709,0.009086864667983079,411.378,403.7622,1,0.0
2023-05-10 00:00:00+00:00,413.88,414.535,408.87,412.85,96142922,0.00467232862044642,0.004661447174374589,0.009081439853570997,411.61800000000005,404.094,1,0.0
2023-05-11 00:00:00+00:00,411.95,412.43,409.97,412.13,70157064,-0.001743974809252813,-0.0017454973037059438,0.008587172431628329,411.55100000000004,404.4418,1,0.0
2023-05-12 00:00:00+00:00,413.42,413.64,409.07,411.59,70481548,-0.0013102661781476677,-0.0013111253274346358,0.008574826513257208,411.5075,404.71740000000005,1,0.0
2023-05-15 00:00:00+00:00,412.22,413.43,410.23,413.01,54289383,0.0034500352292330394,0.0034440975106645386,0.008571778043985479,411.46099999999996,404.8938,1,0.0
2023-05-16 00:00:00+00:00,411.86,412.815,410.24,410.25,57705495,-0.00668264690927578,-0.006705075772761216,0.00869493100088942,411.26300000000003,405.0094,1,0.0
2023-05-17 00:00:00+00:00,412.35,415.855,410.635,415.23,87286957,0.01213893967093238,0.012065853606519992,0.009139636152264518,411.3175,405.34860000000003,1,0.0
2023-05-18 00:00:00+00:00,414.9,419.67,414.67,419.23,97177195,0.009633215326445566,0.009587111754964073,0.009272482268849105,411.68500000000006,405.75479999999993,1,0.0
2023-05-19 00:00:00+00:00,420.17,420.72,417.35,418.62,103793317,-0.0014550485413734604,-0.001456108152484133,0.00928778297854594,412.006,406.29600000000005,1,0.0
2023-05-22 00:00:00+00:00,418.64,420.39,417.35,418.79,60745399,0.00040609622091647424,0.00040601378616302573,0.00928804762132228,412.314,406.9536,1,0.0
2023-05-23 00:00:00+00:00,417.08,418.722,413.68,414.09,86383493,-0.011222808567539877,-0.011286259461766542,0.00889916391719765,412.71450000000004,407.52819999999997,1,0.0
2023-05-24 00:00:00+00:00,412.42,412.82,409.8795,411.09,89213678,-0.007244801854669247,-0.007271172877377287,0.009017256004349007,413.05100000000004,407.91540000000003,1,0.0
2023-05-25 00:00:00+00:00,414.74,416.16,412.4101,414.65,90961606,0.008659904157240605,0.00862262227099355,0.008067758160347814,413.163,408.4228,1,0.0
2023-05-26 00:00:00+00:00,415.33,420.77,415.25,420.02,93829975,0.012950681297479782,0.012867538294069412,0.008360046422155005,413.3675,408.901,1,0.0
2023-05-30 00:00:00+00:00,422.03,422.58,418.735,420.18,72215960,0.0003809342412266492,0.0003808617041992201,0.008352411094328984,413.601,409.50480000000005,1,0.0
2023-05-31 00:00:00+00:00,418.28,419.22,416.22,417.85,106350372,-0.0055452425151125695,-0.005560674448036189,0.0080182682999041,413.9515,409.98699999999997,1,0.0
2023-06-01 00:00:00+00:00,418.09,422.92,416.79,421.82,88865018,0.009501017111403609,0.009456166310023306,0.008021778017762632,414.6415,410.44519999999994,1,0.0
2023-06-02 00:00:00+00:00,424.5,428.74,423.95,427.92,91426171,0.014461144564032136,0.01435757946552626,0.008224946531415166,415.78099999999995,411.1614,1,0.0
2023-06-05 00:00:00+00:00,428.28,429.62,426.37,427.1,65460158,-0.0019162460272947879,-0.0019180843755738138,0.007393806285295387,416.5045,411.84,1,0.0
2023-06-06 00:00:00+00:00,426.67,428.5772,425.99,428.03,64022175,0.00217747600093654,0.002175108735888259,0.007385960777107129,417.26899999999995,412.4856,1,0.0
2023-06-07 00:00:00+00:00,428.44,429.62,426.11,426.55,85373275,-0.0034577015629744245,-0.0034636932286051863,0.007347581768901497,418.05,413.0868,1,0.0
2023-06-08 00:00:00+00:00,426.62,429.6,425.82,429.13,61952842,0.006048528894619487,0.006030309971934486,0.007381349948118539,418.86400000000003,413.75739999999996,1,0.0
2023-06-09 00:00:00+00:00,429.96,431.99,428.87,429.9,85647268,0.001794328059096184,0.0017927201755973496,0.007330089063962477,419.75249999999994,414.32840000000004,1,0.0
2023-06-12 00:00:00+00:00,430.92,433.88,430.17,433.8,76256703,0.009071877180739873,0.009030974890538312,0.007439810231777646,420.863,414.9304,1,0.0
2023-06-13 00:00:00+00:00,435.32,437.33,434.63,436.66,95899704,0.006592899953895781,0.006571261842196479,0.007490450868787597,422.0455,415.4758,1,0.0
2023-06-14 00:00:00+00:00,437.01,439.0612,433.59,437.18,100612080,0.0011908578756927302,0.0011901493668857574,0.007164859551428303,423.392,416.0004,1,0.0
2023-06-15 00:00:00+00:00,436.33,443.9,436.23,442.6,110303091,0.012397639416258821,0.012321418015093063,0.007182043844153447,424.7605,416.6789999999999,1,0.0
2023-06-16 00:00:00+00:00,443.02,443.6078,438.97,439.46,114165849,-0.007094441934026308,-0.007119727147828585,0.0073676475590541204,425.77200000000005,417.31620000000004,1,0.0
2023-06-20 00:00:00+00:00,437.45,438.37,435.03,437.18,76160359,-0.005188185500386799,-0.005201690867264468,0.007515848678902744,426.7,417.87600000000003,1,0.0
2023-06-21 00:00:00+00:00,436.16,436.99,434.33,434.94,76982251,-0.0051237476554280015,-0.005136919061014928,0.007685057082951211,427.5075,418.3826,1,0.0
2023-06-22 00:00:00+00:00,433.95,436.62,433.6,436.51,70637175,0.0036096932910285595,0.003603193983842244,0.007038289405992309,428.6285,418.91839999999996,1,0.0
2023-06-23 00:00:00+00:00,432.93,435.06,432.47,433.21,92074537,-0.007559964261987129,-0.007588685638426101,0.00706195343599337,429.7345,419.4216,1,0.0
2023-06-26 00:00:00+00:00,432.62,434.61,431.19,431.44,72823560,-0.004085778259966255,-0.004094147857286013,0.007065929383849076,430.57399999999996,419.781,1,0.0
2023-06-27 00:00:00+00:00,432.35,436.81,431.88,436.17,72813699,0.010963285740775097,0.010903624582472378,0.006916366102080537,431.3815000000001,420.25520000000006,1,0.0
2023-06-28 00:00:00+00:00,435.05,437.44,434.41,436.39,75635976,0.000504390489946438,0.0005042633278210447,0.006914983686032911,432.192,420.70420000000007,1,0.0
2023-06-29 00:00:00+00:00,435.96,438.28,435.54,438.11,67882304,0.003941428538692504,0.003933681458931787,0.0066981327031684825,433.20500000000004,421.1822,1,0.0
2023-06-30 00:00:00+00:00,441.44,444.3,441.11,443.28,104964019,0.011800689324598768,0.011731604160897278,0.0068447374428160625,434.27799999999996,421.765,1,0.0
2023-07-03 00:00:00+00:00,442.92,444.08,442.63,443.79,32793378,0.0011505143475907254,0.00114985301315995,0.006241719899656369,435.0715,422.40319999999997,1,0.0
2023-07-05 00:00:00+00:00,441.91,443.889,441.9,443.13,58418432,-0.0014871898871088307,-0.0014882968516360822,0.006228851080787782,435.87299999999993,423.0218,1,0.0
2023-07-06 00:00:00+00:00,439.42,440.1,437.06,439.66,80658302,-0.007830659174508536,-0.007861479788647057,0.006593536363059466,436.4545,423.56239999999997,1,0.0
2023-07-07 00:00:00+00:00,438.63,442.64,438.3,438.55,86134178,-0.0025246781603966983,-0.002527870534580391,0.00656086112051993,437.0545,424.2118,1,0.0
2023-07-10 00:00:00+00:00,438.18,439.84,437.585,439.66,62443501,0.002531068293239125,0.002527870534580404,0.006476537666167898,437.581,424.91780000000006,1,0.0
2023-07-11 00:00:00+00:00,440.45,442.97,439.44,442.46,64463752,0.006368557521721163,0.00634836394986942,0.006577396212035665,438.209,425.51880000000006,1,0.0
2023-07-12 00:00:00+00:00,446.39,447.4799,444.91,446.02,91924527,0.00804592505537216,0.008013729182131306,0.006518656151673951,438.82,426.1206,1,0.0
2023-07-13 00:00:00+00:00,447.9,450.38,447.45,449.56,72425241,0.007936863817766149,0.007905532586094523,0.006581519421779249,439.465,426.80159999999995,1,0.0
2023-07-14 00:00:00+00:00,450.475,451.36,448.49,449.28,69815823,-0.0006228312127414259,-0.0006230252526748096,0.006598148214967262,440.07,427.5704,1,0.0
2023-07-17 00:00:00+00:00,449.13,451.93,449.08,450.84,52680221,0.003472222222222321,0.003466207976486329,0.006097021845808412,440.48199999999997,428.4268,1,0.0
2023-07-18 00:00:00+00:00,450.5,454.86,450.0484,454.19,80744448,0.007430574039570592,0.007403103322491585,0.00595295556144643,441.21849999999995,429.408,1,0.0
2023-07-19 00:00:00+00:00,455.01,456.43,454.1119,455.2,65891688,0.002223738963869737,0.002221270115751745,0.005730303906772104,442.11949999999996,430.2594,1,0.0
2023-07-20 00:00:00+00:00,454.17,455.1,451.44,452.18,70591642,-0.006634446397188021,-0.006656552163950952,0.005838598693452069,442.9815,431.0482,1,0.0
2023-07-21 00:00:00+00:00,453.96,454.165,452.17,452.18,71275618,0.0,0.0,0.005840764797831864,443.76500000000004,431.8732,1,0.0
2023-07-24 00:00:00+00:00,453.37,455.04,452.298,454.2,54023382,0.004467247556282805,0.004457299023287818,0.0054333342149327215,444.81449999999995,432.7002,1,0.0
2023-07-25 00:00:00+00:00,453.92,456.735,453.87,455.44,55191240,0.0027300748568912514,0.002726354971368363,0.005215664947761727,446.01449999999994,433.5664,1,0.0
2023-07-26 00:00:00+00:00,454.47,456.99,453.38,455.51,71052885,0.0001536975232740989,0.000153685713019891,0.004865150113241091,446.9815,434.4448,1,0.0
2023-07-27 00:00:00+00:00,459.02,459.44,451.55,452.49,92194375,-0.006629931285811463,-0.006652006907575774,0.0052416706913396135,447.7865,435.23440000000005,1,0.0
2023-07-28 00:00:00+00:00,455.88,457.78,452.4918,456.92,80011790,0.009790271608212331,0.009742657417475726,0.005521582443522547,448.727,436.1678,1,0.0
2023-07-31 00:00:00+00:00,457.41,458.16,456.045,457.79,62040449,0.001904053225947555,0.0019022428143197323,0.005029781303593603,449.45250000000004,437.019,1,0.0
2023-08-01 00:00:00+00:00,456.27,457.25,455.49,456.48,55502199,-0.0028615740841870796,-0.0028656762148763105,0.00512868438044247,450.087,437.764,1,0.0
2023-08-02 00:00:00+00:00,453.25,453.52,449.3499,450.13,93933369,-0.013910795653697905,-0.014008457532295803,0.006150340849652407,450.437,438.39419999999996,1,0.0
2023-08-03 00:00:00+00:00,448.04,450.79,447.37,448.84,64419692,-0.0028658387576923072,-0.0028699531362286835,0.005877724371092813,450.896,438.99520000000007,1,0.0
2023-08-04 00:00:00+00:00,450.72,452.895,446.27,446.81,100128902,-0.004522769806612592,-0.004533028473386248,0.005958116497461608,451.3089999999999,439.64959999999996,1,0.0
2023-08-07 00:00:00+00:00,448.71,450.865,447.99,450.71,58357464,0.008728542333430234,0.008690668835189467,0.006200872673352357,451.8615,440.44200000000006,1,0.0
2023-08-08 00:00:00+00:00,448.08,450.6952,445.2705,448.75,71361324,-0.004348694282354515,-0.00435817735598018,0.006199263844294186,452.17600000000004,441.124,1,0.0
2023-08-09 00:00:00+00:00,449.03,449.1999,444.96,445.75,78789575,-0.006685236768802283,-0.006707683059238894,0.006158570164602026,452.1625,441.6386,1,0.0
2023-08-10 00:00:00+00:00,448.19,451.7,444.7,445.91,93005495,0.00035894559730786924,0.0003588811917485563,0.005870129576540249,451.98,442.15319999999997,1,0.0
2023-08-11 00:00:00+00:00,443.97,446.7007,443.345,445.65,68690902,-0.00058307730259477,-0.0005832473582721206,0.00587005372321864,451.7985,442.7092,1,0.0
2023-08-14 00:00:00+00:00,444.7,448.11,444.38,448.11,47867441,0.005520026926960631,0.005504847413584413,0.00595815047305329,451.662,443.235,1,0.0
2023-08-15 00:00:00+00:00,446.27,446.64,442.3,442.89,75707534,-0.011648925487045658,-0.011717305776204584,0.006180750230058542,451.0969999999999,443.53439999999995,1,0.0
2023-08-16 00:00:00+00:00,442.46,444.18,439.53,439.64,80107206,-0.007338165232902094,-0.007365222013406618,0.006267864481911378,450.3190000000001,443.78520000000003,1,0.0
2023-08-17 00:00:00+00:00,441.16,441.43,435.75,436.29,95711315,-0.007619870803384554,-0.007649050342971099,0.006312255512700289,449.5245,443.9504,1,0.0
2023-08-18 00:00:00+00:00,433.37,437.57,433.01,436.5,98851960,0.0004813312246441104,0.00048121542192835354,0.006320264000509154,448.7405,444.14939999999996,1,0.0
2023-08-21 00:00:00+00:00,437.55,440.11,435.32,439.34,68718957,0.0065063001145475585,0.006485225506382827,0.006441024408169407,447.99750000000006,444.35360000000003,1,0.0
2023-08-22 00:00:00+00:00,441.18,441.18,437.57,438.15,65062861,-0.002708608367096077,-0.002712283284180018,0.006361032167163673,447.133,444.5186,1,0.0
2023-08-23 00:00:00+00:00,439.25,443.67,439.1,443.03,68441021,0.011137738217505522,0.011076170340667732,0.006991845871216659,446.509,444.7032,1,0.0
2023-08-24 00:00:00+00:00,444.69,445.22,436.855,436.89,88517272,-0.013859106606776028,-0.013956040679928571,0.007450203476533858,445.729,444.70779999999996,1,0.0
2023-08-25 00:00:00+00:00,438.68,441.3,435.0,439.97,102325103,0.007049829476527325,0.007025095607040572,0.007249750560048354,444.88149999999996,444.7636,1,0.0
2023-08-28 00:00:00+00:00,442.24,443.4,439.9728,442.76,61595393,0.006341341455099236,0.006321319747784041,0.007436600274035997,444.12999999999994,444.7668,-1,-2.0
2023-08-29 00:00:00+00:00,442.65,449.45,442.46,449.16,83081916,0.014454783629957557,0.014351309186914706,0.008250562953711548,443.76399999999995,444.96079999999995,-1,0.0
2023-08-30 00:00:00+00:00,449.51,451.67,448.78,451.01,69053911,0.004118799536913187,0.004110340501526294,0.007706910466200734,443.808,445.2374,-1,0.0
2023-08-31 00:00:00+00:00,451.65,452.83,450.16,450.35,66084563,-0.0014633821866476548,-0.0014644539761124395,0.007684605165512823,443.8835,445.5456,-1,0.0
2023-09-01 00:00:00+00:00,453.17,453.67,449.68,451.19,58944098,0.0018652159431553628,0.0018634785879243847,0.0076105511122823875,444.1025000000001,445.83920000000006,-1,0.0
2023-09-05 00:00:00+00:00,450.73,451.06,449.17,449.24,55166210,-0.004321904297524326,-0.0043312707228408305,0.007426542359765591,444.029,446.15979999999996,-1,0.0
2023-09-06 00:00:00+00:00,448.4,448.51,443.81,446.22,70758512,-0.006722464606891632,-0.006745162151571515,0.00751582436509938,443.9025,446.4554,-1,0.0
2023-09-07 00:00:00+00:00,443.11,445.55,442.75,444.85,70355426,-0.003070234413518058,-0.0030749572524875293,0.00739557061224624,443.85749999999996,446.62899999999996,-1,0.0
2023-09-08 00:00:00+00:00,444.9,447.11,444.53,445.52,62068437,0.0015061256603348117,0.001504992590636672,0.0074035583234458675,443.838,446.81159999999994,-1,0.0
2023-09-11 00:00:00+00:00,448.24,448.77,446.4699,448.45,60180118,0.006576584665110463,0.006555053282598962,0.007546497684806194,443.97800000000007,447.0184,-1,0.0
2023-09-12 00:00:00+00:00,446.95,448.53,445.39,445.99,67565422,-0.005485561378079984,-0.0055006623199777786,0.0075501732845137115,443.872,447.0726,-1,0.0
2023-09-13 00:00:00+00:00,446.22,447.71,445.0793,446.51,60199272,0.0011659454247852086,0.0011652662382967427,0.00705590682697719,444.05300000000005,447.12699999999995,-1,0.0
2023-09-14 00:00:00+00:00,449.07,451.08,447.715,450.36,83430814,0.008622427269266097,0.008585466452598693,0.0070335346795641325,444.58899999999994,447.27160000000003,-1,0.0
2023-09-15 00:00:00+00:00,447.14,447.48,442.92,443.37,111848859,-0.01552091660005328,-0.015642627040338787,0.007742819205179658,444.94300000000004,447.3458,-1,0.0
2023-09-18 00:00:00+00:00,443.05,444.97,442.56,443.63,55752213,0.0005864176647043529,0.0005862457890562757,0.007742603144847975,445.29949999999997,447.44739999999996,-1,0.0
2023-09-19 00:00:00+00:00,442.68,443.29,439.94,442.71,66514648,-0.002073800238937884,-0.0020759535401795267,0.007649199476183977,445.468,447.50839999999994,-1,0.0
2023-09-20 00:00:00+00:00,444.01,444.435,438.43,438.64,82562602,-0.009193377154344762,-0.009235897047674732,0.007920960946641561,445.4925,447.43199999999996,-1,0.0
2023-09-21 00:00:00+00:00,435.7,435.97,431.23,431.39,104095826,-0.01652836038664962,-0.016666477752474377,0.008296165581948074,444.91049999999996,447.13939999999997,-1,0.0
2023-09-22 00:00:00+00:00,432.45,434.1,429.99,430.42,100829684,-0.002248545399754165,-0.0022510771738795798,0.007759792031079025,444.587,446.75660000000005,-1,0.0
2023-09-25 00:00:00+00:00,429.17,432.27,428.72,432.23,70874534,0.004205194925886335,0.00419637780353996,0.007635004340695551,444.2,446.4156,-1,0.0
2023-09-26 00:00:00+00:00,429.09,429.82,425.02,425.88,96168436,-0.014691252342502903,-0.014800237526573553,0.008029315732248478,443.35600000000005,445.9164,-1,0.0
2023-09-27 00:00:00+00:00,427.09,427.67,422.29,426.05,104705847,0.000399173476096637,0.00039909382755964483,0.007080554221888373,442.20050000000003,445.35360000000003,-1,0.0
2023-09-28 00:00:00+00:00,425.48,430.2499,424.87,428.52,92258308,0.005797441614833865,0.00578070112039234,0.007173894782360488,441.076,444.82,-1,0.0
2023-09-29 00:00:00+00:00,431.67,431.85,425.91,427.48,115111319,-0.0024269579016147347,-0.0024299077376612977,0.00716959052038317,439.9325,444.32599999999996,-1,0.0
2023-10-02 00:00:00+00:00,426.62,428.6,424.46,427.31,83798599,-0.0003976794235988068,-0.00039775851903122946,0.007113417241434953,438.73850000000004,443.8286,-1,0.0
2023-10-03 00:00:00+00:00,425.06,427.3729,420.18,421.59,103760607,-0.013386066321874113,-0.013476467356901502,0.0075009769715300885,437.35600000000005,443.17640000000006,-1,0.0
2023-10-04 00:00:00+00:00,422.07,425.4299,420.56,424.66,87452968,0.007281956403140555,0.007255570972884423,0.007797184690546984,436.2780000000001,442.56080000000003,-1,0.0
2023-10-05 00:00:00+00:00,424.36,425.37,421.1701,424.5,70142744,-0.00037677200584007586,-0.0003768430022458004,0.007809052162163577,435.26050000000004,441.9406000000001,-1,0.0
2023-10-06 00:00:00+00:00,421.97,431.125,420.6,429.54,113273309,0.011872791519434767,0.011802862884746777,0.008397517091665722,434.4615,441.48159999999996,-1,0.0
2023-10-09 00:00:00+00:00,427.58,432.88,427.0101,432.29,80374362,0.006402197699864942,0.0063817906856858475,0.008388457119355186,433.6535,440.98900000000003,-1,0.0
2023-10-10 00:00:00+00:00,432.94,437.22,432.53,434.54,78607268,0.005204839343958989,0.005191340985260642,0.008481322114746006,433.08099999999996,440.524,-1,0.0
2023-10-11 00:00:00+00:00,435.64,436.58,433.18,436.32,62451736,0.004096285727435811,0.004087918790183203,0.008550561019638607,432.5715,440.12080000000003,-1,0.0
2023-10-12 00:00:00+00:00,436.95,437.335,431.23,433.66,81154230,-0.006096442977631011,-0.006115102161206689,0.008297699154286261,431.7365,439.7914,-1,0.0
2023-10-13 00:00:00+00:00,435.21,436.45,429.88,431.5,95201132,-0.00498086058202285,-0.004993306412589051,0.007697015977202118,431.1429999999999,439.4446,-1,0.0
2023-10-16 00:00:00+00:00,433.82,437.14,433.57,436.04,75433194,0.010521436848204058,0.010466471736675266,0.008135173239089057,430.7635,439.22920000000005,-1,0.0
2023-10-17 00:00:00+00:00,432.81,438.14,432.45,436.02,75324708,-4.586735161915545e-05,-4.5868403558294294e-05,0.008131504166858313,430.429,438.9354,-1,0.0
2023-10-18 00:00:00+00:00,434.19,435.18,429.09,430.21,93559798,-0.01332507683133799,-0.01341465229080621,0.008405710074636958,430.0075,438.5646,-1,0.0
2023-10-19 00:00:00+00:00,430.95,432.82,425.725,426.43,121322957,-0.008786406638618294,-0.008825234716263508,0.007806797139272059,429.7595,438.1782,-1,0.0
2023-10-20 00:00:00+00:00,425.98,426.54,421.08,421.19,123919874,-0.012288066036629686,-0.012364188561956037,0.008232965045562483,429.29799999999994,437.68379999999996,-1,0.0
2023-10-23 00:00:00+00:00,419.61,424.45,417.8,420.46,92035095,-0.0017331845485411002,-0.0017346882505940376,0.00813998270656876,428.70950000000005,437.18,-1,0.0
2023-10-24 00:00:00+00:00,422.65,424.82,420.74,423.63,78564239,0.007539361651524468,0.007511082712290534,0.007729494241277268,428.59700000000004,436.6904,-1,0.0
2023-10-25 00:00:00+00:00,421.89,421.92,417.015,417.55,94223198,-0.01435214692066189,-0.014456135150031866,0.008344954293416204,428.172,436.1836,-1,0.0
2023-10-26 00:00:00+00:00,416.45,417.325,411.6,412.55,115156761,-0.01197461381870435,-0.012046887048886217,0.008530123582070127,427.37350000000004,435.64179999999993,-1,0.0
2023-10-27 00:00:00+00:00,414.19,414.6,409.21,410.68,107367671,-0.004532783904981241,-0.004543088119588232,0.008550429255273285,426.5335,435.1296,-1,0.0
2023-10-30 00:00:00+00:00,413.56,416.68,412.22,415.59,86562675,0.01195578065647207,0.011884874907133232,0.00909846356616744,425.94750000000005,434.71139999999997,-1,0.0
2023-10-31 00:00:00+00:00,416.18,418.53,414.21,418.2,79665150,0.006280228109434738,0.006260589656635804,0.008786596348592779,425.77799999999996,434.28860000000003,-1,0.0
2023-11-01 00:00:00+00:00,419.2,423.5,418.6499,422.66,98068115,0.010664753706360663,0.010608286339472917,0.008972182811870736,425.678,433.9788,-1,0.0
2023-11-02 00:00:00+00:00,426.58,430.915,426.56,430.76,94938909,0.019164340131547775,0.01898301712667409,0.00996115103662147,425.991,433.7334,-1,0.0
2023-11-03 00:00:00+00:00,433.14,436.29,433.01,434.69,100167775,0.00912340978735271,0.009082042898631277,0.009817939767065997,426.24850000000004,433.68940000000003,-1,0.0
2023-11-06 00:00:00+00:00,435.47,436.1498,433.68,435.69,67831660,0.0023004900043708254,0.0022978479285109352,0.009733759051977939,426.41850000000005,433.6038,-1,0.0
2023-11-07 00:00:00+00:00,435.69,437.585,434.51,436.93,64256114,0.0028460602722120143,0.0028420179107287785,0.009687124555113752,426.538,433.48720000000003,-1,0.0
2023-11-08 00:00:00+00:00,437.55,438.09,434.87,437.25,61746027,0.0007323827615406397,0.0007321147001603099,0.009647206728158103,426.58450000000005,433.249,-1,0.0
2023-11-09 00:00:00+00:00,438.43,438.47,433.4,433.84,83174417,-0.007798742138364845,-0.007829311365906304,0.009712512532062838,426.59349999999995,432.9056,-1,0.0
2023-11-10 00:00:00+00:00,435.98,440.93,433.8335,440.61,89558054,0.015604831274202535,0.015484327901075597,0.010226746667372475,427.049,432.7108,-1,0.0
2023-11-13 00:00:00+00:00,439.23,441.33,438.42,440.19,52236068,-0.0009532239395384501,-0.0009536785463956244,0.009989179258590749,427.25649999999996,432.4907999999999,-1,0.0
2023-11-14 00:00:00+00:00,446.32,450.06,446.09,448.73,97176935,0.019400713328335595,0.01921491867668443,0.010841200983955626,427.892,432.48060000000004,-1,0.0
2023-11-15 00:00:00+00:00,450.11,451.38,448.8,449.68,77327573,0.0021170859982617696,0.0021148481296500133,0.01026486003855328,428.86550000000005,432.54979999999995,-1,0.0
2023-11-16 00:00:00+00:00,449.22,450.56,448.12,450.23,66665797,0.0012230919765165993,0.0012223446088626049,0.00993640801780914,430.05550000000005,432.65740000000005,-1,0.0
2023-11-17 00:00:00+00:00,450.24,451.42,449.29,450.79,83193902,0.001243808719987527,0.0012430358307394418,0.00929756271240924,431.53549999999996,432.76279999999997,-1,0.0
2023-11-20 00:00:00+00:00,450.53,455.125,450.52,454.26,70055633,0.0076975975509661065,0.007668122209848631,0.009260323934102055,433.2255,432.879,1,2.0
2023-11-21 00:00:00+00:00,453.1842,454.131,451.9599,453.27,49244639,-0.002179368643508095,-0.002181746923410964,0.009314911512738007,434.7075,433.02459999999996,1,0.0
2023-11-22 00:00:00+00:00,454.98,456.38,453.8895,455.02,59446573,0.0038608334987977333,0.0038533996090087063,0.008322592306507406,436.581,433.19480000000004,1,0.0
2023-11-24 00:00:00+00:00,455.07,455.5,454.73,455.3,29737375,0.0006153575667005029,0.0006151683118686702,0.007454619356394142,438.71849999999995,433.2936,1,0.0
2023-11-27 00:00:00+00:00,454.65,455.4901,454.0799,454.48,50505985,-0.0018010103228640606,-0.0018026340918649685,0.007294681934879142,440.9085,433.5158,1,0.0
2023-11-28 00:00:00+00:00,454.08,456.27,453.5,454.93,62115011,0.00099014258053165,0.000989652712699425,0.0071635780860568555,442.8755,433.7418,1,0.0
2023-11-29 00:00:00+00:00,457.15,458.32,454.2,454.61,63145992,-0.0007034049194380998,-0.000703652424749553,0.007244885370347961,444.696,433.9798,1,0.0
2023-11-30 00:00:00+00:00,455.48,456.76,453.34,456.4,79752700,0.0039374408833945385,0.0039297094510993445,0.007083681446237344,446.383,434.335,1,0.0
2023-12-01 00:00:00+00:00,455.77,459.65,455.16,459.1,89183400,0.005915863277826672,0.005898433267255992,0.0061340887592211705,447.8,434.8892000000001,1,0.0
2023-12-04 00:00:00+00:00,455.6,459.1206,454.34,456.69,72430888,-0.005249401001960363,-0.0052632275159039685,0.006245586773882671,448.9,435.4146,1,0.0
2023-12-05 00:00:00+00:00,455.26,457.59,454.87,456.6,69793469,-0.00019707022268933283,-0.00019708964357722928,0.006274477994176974,449.9455,435.902,1,0.0
2023-12-06 00:00:00+00:00,458.81,458.84,454.31,454.76,67701116,-0.004029785370127104,-0.004037926834789402,0.006433107054078819,450.837,436.4796,1,0.0
2023-12-07 00:00:00+00:00,456.91,458.9,456.29,458.23,66995446,0.007630398451930809,0.00760143420750511,0.006544315409665456,451.8860000000001,437.1232,1,0.0
2023-12-08 00:00:00+00:00,457.46,460.745,457.21,460.2,83194404,0.004299151081334607,0.0042899361328545904,0.006099284332613011,453.204,437.7568,1,0.0
2023-12-11 00:00:00+00:00,459.69,462.17,459.47,461.99,65002247,0.003889613211647047,0.003882068224571401,0.005337038081082543,454.27299999999997,438.44699999999995,1,0.0
2023-12-12 00:00:00+00:00,461.63,464.2,460.6,464.1,68327617,0.004567198424208385,0.00455680042129323,0.005297892864652313,455.46850000000006,439.1828,1,0.0
2023-12-13 00:00:00+00:00,464.49,470.7599,464.12,470.5,93277960,0.013790131437190212,0.013695912778304148,0.0044447246804230935,456.55699999999996,440.161,1,0.0
2023-12-14 00:00:00+00:00,472.5,473.73,469.25,472.01,119026049,0.0032093517534537153,0.003204212776369498,0.004448021973482704,457.6735,441.10799999999995,1,0.0
2023-12-15 00:00:00+00:00,469.49,470.7,467.4263,469.33,141553673,-0.0056778458083515115,-0.005694026049874386,0.004800703613335889,458.6285,442.0046,1,0.0
2023-12-18 00:00:00+00:00,470.98,472.98,469.8929,471.97,70375285,0.005625039950567956,0.005609278491612816,0.004859635641768201,459.6875,442.8532,1,0.0
2023-12-19 00:00:00+00:00,472.53,474.92,472.45,474.84,52024922,0.00608089497213804,0.0060624809417910335,0.0047780544875305,460.7165,443.70419999999996,1,0.0
2023-12-20 00:00:00+00:00,473.96,475.895,467.82,468.26,102920959,-0.013857299300817139,-0.013954207975986498,0.005921750017924418,461.466,444.3786,1,0.0
2023-12-21 00:00:00+00:00,471.33,472.975,468.84,472.7,86667465,0.009481911758424832,0.009437240589843948,0.006161020323861505,462.35,445.1062,1,0.0
2023-12-22 00:00:00+00:00,473.86,475.38,471.7,473.65,67160419,0.002009731330653741,0.0020077145223528553,0.00615329494012205,463.26750000000004,445.906,1,0.0
2023-12-26 00:00:00+00:00,474.07,476.58,473.99,475.65,55386952,0.004222527182518698,0.004213637330922501,0.006104912212144609,464.326,446.789,1,0.0
2023-12-27 00:00:00+00:00,475.44,476.66,474.89,476.51,63874396,0.0018080521391778959,0.001806419580446897,0.00609843507385812,465.40500000000003,447.59839999999997,1,0.0
2023-12-28 00:00:00+00:00,476.88,477.55,476.26,476.69,77158116,0.0003777465320768947,0.00037767520381774963,0.006074806095884793,466.509,448.4118,1,0.0
2023-12-29 00:00:00+00:00,476.49,477.03,473.3,475.31,122283149,-0.0028949631836203693,-0.0028991616945184652,0.006174596853463902,467.4545,449.31379999999996,1,0.0
2024-01-02 00:00:00+00:00,472.16,473.67,470.49,472.65,123007793,-0.005596347646798949,-0.005612065870819059,0.006329895227858621,468.13199999999995,450.2382,1,0.0
2024-01-03 00:00:00+00:00,470.43,471.19,468.17,468.79,103585866,-0.008166719559927982,-0.008200249894121091,0.006523642627672601,468.73699999999997,451.19020000000006,1,0.0
2024-01-04 00:00:00+00:00,468.3,470.96,467.05,467.28,84232169,-0.0032210584696773514,-0.003226257245218288,0.00659551187637198,469.271,452.12660000000005,1,0.0
2024-01-05 00:00:00+00:00,467.49,470.44,466.43,467.92,85553758,0.0013696284882727117,0.0013686914027165624,0.006480657035053193,469.929,453.01239999999996,1,0.0
2024-01-08 00:00:00+00:00,468.43,474.75,468.3,474.6,74879074,0.014275944605915525,0.01417500286689283,0.006966513470928803,470.74749999999995,454.15340000000003,1,0.0
2024-01-09 00:00:00+00:00,471.87,474.93,471.35,473.88,65931439,-0.001517067003792727,-0.0015182189151048907,0.0069771912068128175,471.4315,455.38,1,0.0
2024-01-10 00:00:00+00:00,474.16,477.4481,473.87,476.56,67310640,0.005655440195830197,0.00563950823387367,0.00702021045438025,472.16,456.6976,1,0.0
2024-01-11 00:00:00+00:00,477.59,478.12,472.26,476.35,77940723,-0.0004406580493536705,-0.00044075516764358595,0.006997219817902787,472.77250000000004,457.91280000000006,1,0.0
2024-01-12 00:00:00+00:00,477.84,478.6,475.23,476.68,58026420,0.0006927679227457517,0.0006925280698169097,0.0063525746814163285,473.08149999999995,459.0824,1,0.0
2024-01-16 00:00:00+00:00,475.26,476.6098,473.06,474.93,85014870,-0.003671225979692827,-0.0036779814688094967,0.006394097715999958,473.22749999999996,460.1278,1,0.0
2024-01-17 00:00:00+00:00,471.82,472.79,469.87,472.29,68843871,-0.005558713915734925,-0.005574221059148539,0.006388261337304281,473.3755,460.9584,1,0.0
2024-01-18 00:00:00+00:00,474.01,477.06,472.42,476.49,91856248,0.008892841262783335,0.008853532820525922,0.0065699232410729586,473.60150000000004,461.7944,1,0.0
2024-01-19 00:00:00+00:00,477.65,482.72,476.5374,482.43,110834483,0.012466158786123449,0.012389096018869524,0.006996818989732363,473.98100000000005,462.72920000000005,1,0.0
2024-01-22 00:00:00+00:00,484.01,485.22,482.78,483.45,75844931,0.002114296374603475,0.0021120643955134947,0.006086073060087963,474.7405,463.6596,1,0.0
2024-01-23 00:00:00+00:00,484.01,485.105,482.89,484.86,49945297,0.002916537387527285,0.0029122925438548578,0.005810227392512907,475.34849999999994,464.6118,1,0.0
2024-01-24 00:00:00+00:00,487.81,488.77,484.8819,485.39,80222006,0.0010930990388977602,0.0010925020411555063,0.005807839009177861,475.93549999999993,465.64279999999997,1,0.0
2024-01-25 00:00:00+00:00,487.575,488.305,485.39,488.03,72524989,0.005438925400193639,0.005424187858880814,0.00584694335684922,476.5545,466.5912,1,0.0
2024-01-26 00:00:00+00:00,487.59,489.12,486.54,487.41,76641609,-0.0012704137040754349,-0.0012712213636788723,0.005873374020162081,477.0995,467.53560000000004,1,0.0
2024-01-29 00:00:00+00:00,487.73,491.415,487.17,491.27,61322751,0.007919410763012502,0.007888216813165512,0.006060448374394201,477.82849999999996,468.3864,1,0.0
2024-01-30 00:00:00+00:00,490.56,491.62,490.11,490.89,58618386,-0.0007735054043601641,-0.0007738047140204976,0.005997254319324854,478.60749999999996,469.2106,1,0.0
2024-01-31 00:00:00+00:00,488.62,489.0813,482.86,482.88,126011062,-0.016317301228381043,-0.016451894529429734,0.0070618822661551875,479.119,469.8636,1,0.0
2024-02-01 00:00:00+00:00,484.63,489.23,483.8,489.2,91891637,0.01308813783962881,0.013003228233533132,0.007192848524960029,480.13949999999994,470.6318,1,0.0
2024-02-02 00:00:00+00:00,489.65,496.05,489.3,494.35,99228192,0.010527391659852947,0.010472364530124796,0.007307800694683218,481.49300000000005,471.4336,1,0.0
2024-02-05 00:00:00+00:00,493.695,494.3778,490.23,492.55,75757102,-0.003641144937797103,-0.003647790041453811,0.007445641184989598,482.7245,472.2192,1,0.0
2024-02-06 00:00:00+00:00,493.52,494.32,492.05,493.98,55918602,0.0029032585524313426,0.0028990522367016284,0.006922454737477038,483.69350000000003,472.99839999999995,1,0.0
2024-02-07 00:00:00+00:00,496.29,498.53,495.36,498.1,70556506,0.00834041864043078,0.008305829540848039,0.007007323274347791,484.9045,473.85439999999994,1,0.0
2024-02-08 00:00:00+00:00,498.1,498.71,497.26,498.32,52343636,0.0004416783778358191,0.0004415808666524262,0.0069814250588086345,485.9925,474.7312,1,0.0
2024-02-09 00:00:00+00:00,498.84,501.65,498.49,501.2,63979375,0.0057794188473270225,0.005762782076023155,0.006993408815689946,487.23499999999996,475.65659999999997,1,0.0
2024-02-12 00:00:00+00:00,501.17,503.5,500.24,500.98,56502283,-0.0004389465283319849,-0.0004390428935598388,0.007013938218834438,488.45,476.58399999999995,1,0.0
2024-02-13 00:00:00+00:00,494.53,497.09,490.715,494.08,113099199,-0.013773004910375697,-0.013868732731996753,0.007802120117507763,489.4075000000001,477.3376,1,0.0
2024-02-14 00:00:00+00:00,496.79,499.07,494.4,498.57,68387827,0.009087597150259086,0.009046553411184943,0.0077417021264167725,490.7215,478.12699999999995,1,0.0
2024-02-15 00:00:00+00:00,499.29,502.2,498.795,502.01,61682960,0.006899733237057948,0.00687603900450576,0.00767083114864039,491.99750000000006,479.03340000000003,1,0.0
2024-02-16 00:00:00+00:00,501.7,502.87,498.75,499.51,75532928,-0.004979980478476476,-0.004992421903817029,0.007484322990498761,492.85149999999993,479.89160000000004,1,0.0
2024-02-20 00:00:00+00:00,497.72,498.41,494.45,496.76,71736740,-0.005505395287381587,-0.005520605828398444,0.007657685326515437,493.517,480.73159999999996,1,0.0
2024-02-21 00:00:00+00:00,495.42,497.37,493.56,497.21,59603771,0.0009058700378452578,0.0009054599852001101,0.007649739546390388,494.1345,481.51120000000003,1,0.0
2024-02-22 00:00:00+00:00,504.01,508.49,503.02,507.5,76402535,0.02069548078276795,0.020484238850910597,0.008793896109474892,495.24000000000007,482.4572,1,0.0
2024-02-23 00:00:00+00:00,509.27,510.13,507.1,507.85,61321818,0.0006896551724138167,0.0006894174695677843,0.00876780239844002,496.23100000000005,483.37440000000004,1,0.0
2024-02-26 00:00:00+00:00,508.3,508.75,505.86,505.99,50386738,-0.003662498769321676,-0.0036692221391820532,0.008831264290263189,497.16,484.2122,1,0.0
2024-02-27 00:00:00+00:00,506.7,507.16,504.75,506.93,48854528,0.0018577442241940467,0.0018560207515768623,0.00871742825631073,497.94300000000004,484.9408,1,0.0
2024-02-28 00:00:00+00:00,505.33,506.855,504.96,506.26,56506634,-0.0013216814944864153,-0.0013225556858260906,0.008726161673021739,498.7115,485.6258,1,0.0
2024-02-29 00:00:00+00:00,508.07,509.74,505.35,508.08,83924795,0.0035949907162327044,0.0035885441826403403,0.007645916738392521,499.97149999999993,486.40079999999995,1,0.0
2024-03-01 00:00:00+00:00,508.98,513.29,508.56,512.85,76844844,0.00938828530940028,0.00934448925870076,0.007419558024456832,501.154,487.21840000000003,1,0.0
2024-03-04 00:00:00+00:00,512.03,514.2,512.0,512.3,49799257,-0.0010724383347958666,-0.0010730138082634994,0.007200064354346626,502.05150000000003,487.9676,1,0.0
2024-03-05 00:00:00+00:00,510.24,510.7,504.91,507.18,72855623,-0.009994144056217014,-0.010044420776265255,0.007583137285115241,502.783,488.746,1,0.0
2024-03-06 00:00:00+00:00,510.55,512.069,508.42,509.75,68382367,0.005067234512401875,0.005054439285673223,0.007619686479285474,503.5714999999999,489.48699999999997,1,0.0
2024-03-07 00:00:00+00:00,513.14,515.89,509.8053,514.81,58652085,0.0099264345267287,0.009877491098168725,0.0077013440804007205,504.40700000000004,490.31020000000007,1,0.0
2024-03-08 00:00:00+00:00,515.46,518.2201,511.13,511.72,86532535,-0.006002214409199347,-0.006020300103898986,0.00788836952722751,505.07699999999994,491.03159999999997,1,0.0
2024-03-11 00:00:00+00:00,510.48,511.88,508.5,511.28,61872913,-0.0008598452278590907,-0.0008602151068079921,0.007831969390231766,505.581,491.72700000000003,1,0.0
2024-03-12 00:00:00+00:00,513.45,517.38,510.86,516.78,70833119,0.01075731497418242,0.01069986668711092,0.00811677576497856,506.371,492.5288,1,0.0
2024-03-13 00:00:00+00:00,517.11,517.29,514.49,515.97,54438487,-0.0015673981191220987,-0.0015686277726263758,0.007321131769339618,507.4655000000001,493.34200000000004,1,0.0
2024-03-14 00:00:00+00:00,516.97,517.125,511.82,514.95,103493184,-0.0019768591197162344,-0.001978815684699962,0.0071897627887173975,508.2844999999999,494.18799999999993,1,0.0
2024-03-15 00:00:00+00:00,510.21,511.7,508.122,509.83,107646297,-0.009942712884746241,-0.009992471754677103,0.007520288312844421,508.67549999999994,495.00879999999995,1,0.0
2024-03-18 00:00:00+00:00,514.0,515.48,512.44,512.86,88893331,0.005943157523095932,0.005925566624999984,0.007474942333081378,509.343,495.92040000000003,1,0.0
2024-03-19 00:00:00+00:00,512.15,515.995,511.12,515.71,60755263,0.005557072105447869,0.005541688545641708,0.007349514886321854,510.29050000000007,496.87620000000004,1,0.0
2024-03-20 00:00:00+00:00,515.77,520.62,515.08,520.48,69594574,0.009249384343914091,0.009206870737265695,0.007524871977064199,511.454,497.7938,1,0.0
2024-03-21 00:00:00+00:00,523.39,524.11,521.91,522.2,60256112,0.0033046418690441115,0.003299193539987298,0.006172572649949377,512.189,498.76019999999994,1,0.0
2024-03-22 00:00:00+00:00,522.11,522.605,520.97,521.21,79070842,-0.001895825354270464,-0.001897624705687753,0.006216184654492284,512.857,499.65319999999997,1,0.0
2024-03-25 00:00:00+00:00,519.8,520.95,519.61,519.77,48512108,-0.0027628019416359173,-0.002766625523076243,0.006181406871028969,513.546,500.5216,1,0.0
2024-03-26 00:00:00+00:00,521.23,521.58,518.4,518.81,65463744,-0.001846970775535417,-0.0018486785291629195,0.006221166513583457,514.14,501.36420000000004,1,0.0
2024-03-27 00:00:00+00:00,521.71,523.21,519.485,523.17,82999777,0.008403847265858522,0.008368731542376877,0.006393271503858302,514.9855,502.329,1,0.0
2024-03-28 00:00:00+00:00,523.21,524.61,522.78,523.07,96294886,-0.00019114245847418054,-0.00019116072852205465,0.00638912409972487,515.735,503.3446,1,0.0
2024-04-01 00:00:00+00:00,523.83,524.38,520.97,522.16,61182995,-0.001739728908176863,-0.001741243993994561,0.006143474591066953,516.2005,504.258,1,0.0
2024-04-02 00:00:00+00:00,518.24,518.98,516.48,518.84,72924463,-0.006358204381798571,-0.006378503854489534,0.00634402361725801,516.5274999999999,504.98619999999994,1,0.0
2024-04-03 00:00:00+00:00,517.72,520.95,517.665,519.41,58385823,0.0010986045794463273,0.0010980015550518345,0.005828053945610212,517.139,505.7054,1,0.0
2024-04-04 00:00:00+00:00,523.52,523.8674,512.755,513.07,95643401,-0.012206156985810623,-0.012281263923799508,0.006470550069461428,517.3050000000001,506.26959999999997,1,0.0
2024-04-05 00:00:00+00:00,514.46,520.44,514.01,518.43,73736571,0.010446917574599812,0.010392725630285291,0.006512029925334217,517.486,506.9304,1,0.0
2024-04-08 00:00:00+00:00,519.15,520.18,517.89,518.72,47850048,0.00055938120864929,0.0005592248133013563,0.00633700449366707,517.836,507.5442,1,0.0
2024-04-09 00:00:00+00:00,520.5,520.75,514.35,519.32,67283576,0.001156693399136488,0.0011560249447415537,0.006326937121964321,518.238,508.1824,1,0.0
2024-04-10 00:00:00+00:00,513.48,516.16,512.09,514.12,82652806,-0.010013094046060322,-0.01006356225012168,0.006311036770399515,518.105,508.63939999999997,1,0.0
2024-04-11 00:00:00+00:00,515.68,519.48,512.08,518.0,70099007,0.007546876215669407,0.007518541017551879,0.006535157282898653,518.2065,509.18159999999995,1,0.0
2024-04-12 00:00:00+00:00,514.37,515.815,509.08,510.85,92561094,-0.013803088803088781,-0.013899237222050371,0.0072409872678574835,518.0015000000001,509.741,1,0.0
2024-04-15 00:00:00+00:00,515.13,515.3,503.58,504.45,92101447,-0.01252813937555064,-0.012607278183044454,0.007441106496247504,517.7325000000001,510.04600000000005,1,0.0
2024-04-16 00:00:00+00:00,504.94,506.5,502.21,503.53,73484020,-0.0018237684606997595,-0.0018254335511998902,0.007288029294158235,517.266,510.2296,1,0.0
2024-04-17 00:00:00+00:00,506.05,506.22,499.12,500.55,75910305,-0.005918217385259994,-0.0059357994376956205,0.007204800851277432,516.508,510.3896,1,0.0
2024-04-18 00:00:00+00:00,501.98,504.13,498.56,499.52,74548085,-0.002057736489861184,-0.0020598565384254944,0.006748922706172905,515.46,510.5004,1,0.0
2024-04-19 00:00:00+00:00,499.44,500.455,493.86,495.16,102212587,-0.008728379244074214,-0.008766694663457628,0.0067844551768142134,514.108,510.44160000000005,1,0.0
2024-04-22 00:00:00+00:00,497.83,502.38,495.43,499.72,67961048,0.00920914451894328,0.009166998900018871,0.0072839975615059714,513.0335,510.4696,1,0.0
2024-04-23 00:00:00+00:00,501.78,506.09,499.5328,505.65,64633620,0.01186664532137982,0.011796788784550795,0.007918509390564125,512.3275,510.5586,1,0.0
2024-04-24 00:00:00+00:00,506.56,507.37,503.13,505.41,55928076,-0.0004746366063481666,-0.0004747492819569324,0.007919888556415197,511.65749999999997,510.6472,1,0.0
2024-04-25 00:00:00+00:00,499.18,504.27,497.49,503.49,69122368,-0.003798895945865799,-0.003806130078024901,0.007598291224906226,510.6735,510.8354,-1,-2.0
2024-04-26 00:00:00+00:00,506.35,509.88,505.7,508.26,64306118,0.0094738723708514,0.009429276683316947,0.008008172743623308,509.933,511.0292,-1,0.0
2024-04-29 00:00:00+00:00,510.09,510.75,507.25,510.06,46415449,0.0035414945106835294,0.0035352381858079476,0.008083259861745433,509.3280000000001,511.19019999999995,-1,0.0
2024-04-30 00:00:00+00:00,508.56,509.56,501.98,501.98,77483566,-0.015841273575657788,-0.015968087596702794,0.008662787724510936,508.485,511.2396,-1,0.0
2024-05-01 00:00:00+00:00,501.38,508.19,499.865,500.35,80242839,-0.003247141320371294,-0.0032524247241546,0.008645633534661544,507.53200000000004,511.31140000000005,-1,0.0
2024-05-02 00:00:00+00:00,504.15,505.89,499.55,505.03,62550179,0.009353452583191757,0.009309979915025782,0.00862811167950808,507.13,511.4678,-1,0.0
2024-05-03 00:00:00+00:00,511.16,512.55,508.56,511.29,72756709,0.01239530324931204,0.012319110453764142,0.008771051975192724,506.773,511.5436,-1,0.0
2024-05-06 00:00:00+00:00,513.75,516.61,513.3,516.57,47264703,0.010326820395470282,0.010273863060949281,0.009107781495048654,506.66549999999995,511.718,-1,0.0
2024-05-07 00:00:00+00:00,517.56,518.57,516.45,517.14,52561299,0.0011034322550669273,0.0011028239211585457,0.009107381492472554,506.55649999999997,511.941,-1,0.0
2024-05-08 00:00:00+00:00,515.26,517.74,515.14,517.19,42047214,9.668561704767598e-05,9.668094329465807e-05,0.008807996707522171,506.71000000000004,512.1461999999999,-1,0.0
2024-05-09 00:00:00+00:00,517.38,520.2074,516.705,520.17,43643668,0.005761905682631019,0.005745369394033598,0.008739850676369836,506.81850000000003,512.4244,-1,0.0
2024-05-10 00:00:00+00:00,521.81,522.635,519.59,520.84,52233171,0.0012880404483150976,0.0012872116358365086,0.008090460741573331,507.31800000000004,512.6796,-1,0.0
2024-05-13 00:00:00+00:00,522.56,522.67,519.74,520.91,36716361,0.00013439827970196383,0.0001343892490622963,0.007445871429393046,508.14099999999996,512.8408000000001,-1,0.0
2024-05-14 00:00:00+00:00,521.11,523.83,520.56,523.3,57535867,0.004588124628054802,0.004577631268572258,0.007427212359791329,509.1295,513.0608,-1,0.0
2024-05-15 00:00:00+00:00,525.83,530.08,525.18,529.78,59504897,0.012382954328301166,0.01230691265287922,0.007532957627501276,510.591,513.5128,-1,0.0
2024-05-16 00:00:00+00:00,529.88,531.5218,528.54,528.69,50244827,-0.002057457812676855,-0.002059577286653515,0.007532948035599697,512.0495,513.8916,-1,0.0
2024-05-17 00:00:00+00:00,528.81,529.52,527.32,529.45,59187585,0.0014375153681740471,0.0014364831320756027,0.007035807251855486,513.7639999999999,514.1844,-1,0.0
2024-05-20 00:00:00+00:00,529.57,531.5601,529.17,530.06,37764206,0.0011521390121822517,0.0011514758093828892,0.006913905627471734,515.2810000000001,514.5512,1,2.0
2024-05-21 00:00:00+00:00,529.28,531.52,529.07,531.36,33437001,0.0024525525412217863,0.002449549942589936,0.00658948292758835,516.5665,514.9528,1,0.0
2024-05-22 00:00:00+00:00,530.65,531.38,527.6,529.83,48389968,-0.002879403794037838,-0.0028835572520469624,0.00666815471380237,517.7875,515.2138,1,0.0
2024-05-23 00:00:00+00:00,532.96,533.07,524.72,525.96,57211197,-0.007304229658569694,-0.007331036157671222,0.006881842069820781,518.9110000000001,515.4136,1,0.0
2024-05-24 00:00:00+00:00,527.85,530.27,526.881,529.44,41291076,0.006616472735569312,0.006594679954583983,0.0067514852801562495,519.97,515.7034,1,0.0
2024-05-28 00:00:00+00:00,530.27,530.51,527.11,529.81,36269602,0.0006988516168024983,0.000698607533723294,0.006748689222653688,520.9575,516.1030000000001,1,0.0
2024-05-29 00:00:00+00:00,525.68,527.31,525.37,526.1,45190323,-0.007002510333893097,-0.0070271429702637575,0.005737876043753732,522.1635,516.3678,1,0.0
2024-05-30 00:00:00+00:00,524.52,525.2,521.33,522.61,46468510,-0.006633719825128281,-0.006655820739561021,0.0059579574465321895,523.2764999999999,516.5058,1,0.0
2024-05-31 00:00:00+00:00,523.59,527.5,518.36,527.37,90785755,0.00910813034576452,0.009066901482708827,0.005942678282802975,524.3935,516.6436,1,0.0
2024-06-03 00:00:00+00:00,529.02,529.31,522.6,527.8,46835702,0.0008153668202588449,0.0008150345893141825,0.00543804613035787,525.2189999999999,516.7556,1,0.0
2024-06-04 00:00:00+00:00,526.46,529.15,524.96,528.39,34632661,0.001117847669571903,0.0011172233430903386,0.005035602962427714,525.8100000000001,516.8992000000001,1,0.0
2024-06-05 00:00:00+00:00,530.77,534.69,528.7254,534.67,47610365,0.011885160582145726,0.01181508674056735,0.005578862265769133,526.6865,517.1972000000001,1,0.0
2024-06-06 00:00:00+00:00,534.98,535.42,532.68,534.66,30808530,-1.8703125292174327e-05,-1.870330019780303e-05,0.005580648426473828,527.5600000000001,517.5142,1,0.0
2024-06-07 00:00:00+00:00,533.66,536.89,532.535,534.01,43224525,-0.001215725881868801,-0.001216465476068699,0.00552972131680493,528.252,517.731,1,0.0
2024-06-10 00:00:00+00:00,533.18,535.99,532.57,535.66,35729252,0.0030898297784685003,0.003085066064625991,0.005543690668838054,528.993,517.9828,1,0.0
2024-06-11 00:00:00+00:00,534.07,537.01,532.05,536.95,36383411,0.0024082440353956347,0.002405348862984784,0.005539287066786873,529.795,518.2786,1,0.0
2024-06-12 00:00:00+00:00,541.63,544.12,540.3,541.36,63251305,0.008213055219294052,0.00817951161974446,0.005701474399939362,530.6980000000001,518.729,1,0.0
2024-06-13 00:00:00+00:00,543.15,543.325,539.59,542.45,44760949,0.002013447613418151,0.0020114233444897055,0.0051222014759202475,531.3315,519.1898,1,0.0
2024-06-14 00:00:00+00:00,540.88,542.81,539.85,542.78,40089895,0.0006083510000920445,0.0006081660296365605,0.005067508449981686,532.036,519.784,1,0.0
2024-06-17 00:00:00+00:00,542.08,548.53,541.6072,547.1,55839457,0.007959025756291815,0.007927519771683995,0.005280268422378635,532.9185,520.3574000000001,1,0.0
2024-06-18 00:00:00+00:00,547.16,548.62,546.73,548.49,41376417,0.002540668981904526,0.002537446938742902,0.0052824475666581605,533.8399999999999,520.9528,1,0.0
2024-06-20 00:00:00+00:00,549.44,550.12,545.18,547.0,70328226,-0.002716549071086094,-0.002720245586542019,0.005370625431909579,534.6220000000001,521.5064,1,0.0
2024-06-21 00:00:00+00:00,544.4,545.65,543.02,544.51,64513859,-0.004552102376599643,-0.004562494744698358,0.005454216706013683,535.356,522.1142000000001,1,0.0
2024-06-24 00:00:00+00:00,544.33,546.95,542.62,542.74,45528654,-0.0032506290058951226,-0.003255923777701586,0.005183038549564592,536.1949999999999,522.609,1,0.0
2024-06-25 00:00:00+00:00,543.99,545.2,542.44,544.83,38273346,0.0038508309687881326,0.003843435498935823,0.0050775327287160285,536.9644999999999,523.2886,1,0.0
2024-06-26 00:00:00+00:00,543.69,546.24,543.03,545.51,38550637,0.0012480957362845935,0.001247317512265877,0.005074763917613824,537.7495,524.1098,1,0.0
2024-06-27 00:00:00+00:00,545.37,546.96,544.61,546.37,35041480,0.0015765063885171404,0.001575265006846784,0.0046667967575609245,538.7629999999999,524.9666000000001,1,0.0
2024-06-28 00:00:00+00:00,547.16,550.28,542.95,544.22,76144535,-0.003935062320405525,-0.003942825049378484,0.004440528471137604,539.8435000000001,525.84,1,0.0
2024-07-01 00:00:00+00:00,545.63,545.88,542.52,545.34,40297810,0.002057991253537228,0.0020558764904829397,0.004117779061378816,540.742,526.7564,1,0.0
2024-07-02 00:00:00+00:00,543.7,549.01,543.65,549.01,40434792,0.006729746580115048,0.006707202921154286,0.004261904492144393,541.8025,527.8334,1,0.0
2024-07-03 00:00:00+00:00,548.69,551.83,548.65,551.46,32789911,0.004462578095116854,0.004452650318184895,0.004291791060836438,542.9559999999999,528.8682,1,0.0
2024-07-05 00:00:00+00:00,551.77,555.05,551.12,554.64,41488389,0.005766510717005735,0.005749948036161822,0.0037443020812716853,543.9545,529.8480000000001,1,0.0
2024-07-08 00:00:00+00:00,555.44,556.2501,554.19,555.28,36110451,0.001153901629886045,0.001153236397093276,0.0037227545877693835,544.9855,530.8454,1,0.0
2024-07-09 00:00:00+00:00,556.26,557.18,555.52,555.82,27314125,0.000972482351246251,0.0009720097966270446,0.00365794272137002,546.076,531.8919999999999,1,0.0
2024-07-10 00:00:00+00:00,557.07,561.67,556.77,561.32,38701220,0.009895289842035249,0.00984665205497975,0.0040583150323022414,547.359,532.9532,1,0.0
2024-07-11 00:00:00+00:00,561.44,562.33,555.83,556.48,53054184,-0.00862253260172452,-0.00865992171701677,0.00474197551473105,548.3355,533.8816,1,0.0
2024-07-12 00:00:00+00:00,557.63,563.67,557.15,559.99,53084405,0.006307504312823342,0.006287695260978772,0.004623985835086772,549.267,535.0418,1,0.0
2024-07-15 00:00:00+00:00,562.03,564.8371,559.63,561.53,40584293,0.002750049108019681,0.002746274641366987,0.00462951636674649,550.2210000000001,536.2653999999999,1,0.0
2024-07-16 00:00:00+00:00,562.865,565.16,562.1,564.86,36475260,0.005930226345876477,0.005912711763135104,0.004713228021743356,551.325,537.462,1,0.0
2024-07-17 00:00:00+00:00,558.8,560.51,556.61,556.94,57118956,-0.014021173388096053,-0.014120398634509987,0.005709461794601947,551.817,538.375,1,0.0
2024-07-18 00:00:00+00:00,558.51,559.52,550.43,552.66,56270392,-0.007684849355406476,-0.0077145299686901024,0.006005648642444363,552.0255,539.0968,1,0.0
2024-07-19 00:00:00+00:00,552.42,554.08,547.91,548.99,65509081,-0.006640610863822172,-0.006662757820810198,0.006174412605668661,552.125,539.7338,1,0.0
2024-07-22 00:00:00+00:00,553.0,555.27,551.02,554.65,43346720,0.010309841709320589,0.010257057777279522,0.006460138503512844,552.632,540.4830000000001,1,0.0
2024-07-23 00:00:00+00:00,554.54,556.735,553.275,553.78,34439561,-0.0015685567474984508,-0.0015697882205588987,0.006413451654687785,553.184,541.1551999999999,1,0.0
2024-07-24 00:00:00+00:00,548.86,549.17,540.29,541.23,74515266,-0.0226624291234786,-0.022923168831288386,0.008270362435481782,553.004,541.563,1,0.0
2024-07-25 00:00:00+00:00,541.35,547.455,537.45,538.41,61158288,-0.005210354193226685,-0.005223975423526694,0.008332639930077743,552.649,541.913,1,0.0
2024-07-26 00:00:00+00:00,542.28,547.19,541.49,544.44,53763788,0.01119964339443924,0.011137391754578117,0.008734401633802982,552.5525,542.3358000000001,1,0.0
2024-07-29 00:00:00+00:00,546.02,547.05,542.72,544.76,39515824,0.0005877599000807532,0.0005875872368837046,0.008689420186468535,552.5795,542.6354,1,0.0
2024-07-30 00:00:00+00:00,546.26,547.34,538.515,542.0,46853632,-0.005066451281298123,-0.005079329261110337,0.008750129585194623,552.4125,542.9015999999999,1,0.0
2024-07-31 00:00:00+00:00,548.98,553.5,547.5799,550.81,65663388,0.01625461254612537,0.016123920660358285,0.0093872020443918,552.5024999999999,543.3288,1,0.0
2024-08-01 00:00:00+00:00,552.57,554.8688,539.43,543.01,76428732,-0.014160962945480193,-0.014262186129383783,0.009854757928605379,552.08,543.5878,1,0.0
2024-08-02 00:00:00+00:00,535.75,536.99,528.6,532.9,82789070,-0.018618441649325135,-0.01879394666788421,0.01049683773152387,550.9929999999999,543.6186,1,0.0
2024-08-05 00:00:00+00:00,511.64,523.58,510.27,517.38,146267391,-0.029123662976168085,-0.029556175110448443,0.0120890194046446,549.0980000000001,543.3696000000001,1,0.0
2024-08-06 00:00:00+00:00,519.22,529.75,517.87,522.15,84826312,0.009219529166183404,0.009177288733269463,0.012385143264889991,547.4145000000001,543.2934,1,0.0
2024-08-07 00:00:00+00:00,528.47,531.59,518.0519,518.66,70698340,-0.006683903092980947,-0.006706340408373959,0.012022891196517558,545.2815,543.0778,1,0.0
2024-08-08 00:00:00+00:00,523.91,531.29,521.84,530.65,63276589,0.02311726371804257,0.022854107690647777,0.01338132232607808,543.99,543.0946,1,0.0
2024-08-09 00:00:00+00:00,529.81,534.51,528.56,532.99,45619558,0.004409686233864285,0.004399992055931015,0.013323764355013043,542.64,543.2324,-1,-2.0
2024-08-12 00:00:00+00:00,534.21,535.73,530.95,533.27,42542069,0.0005253381864573914,0.0005252002446609306,0.013287891969463483,541.2270000000001,543.4456,-1,0.0
2024-08-13 00:00:00+00:00,536.53,542.28,536.28,542.04,52333073,0.016445702927222472,0.016311936946089543,0.013835532559024576,540.086,543.739,-1,0.0
2024-08-14 00:00:00+00:00,542.85,544.96,540.12,543.75,42446929,0.0031547487270313646,0.003149782948380894,0.013578719525624946,539.4264999999999,544.058,-1,0.0
2024-08-15 00:00:00+00:00,549.5,553.36,548.88,553.07,60846812,0.01714022988505759,0.01699499338706148,0.014071750688966822,539.447,544.5516,-1,0.0
2024-08-16 00:00:00+00:00,551.42,555.02,551.26,554.31,44430728,0.0022420308460049387,0.002239521245215976,0.013986681396414584,539.713,544.9444,-1,0.0
2024-08-19 00:00:00+00:00,554.73,559.61,553.86,559.61,39121793,0.009561436741173823,0.00951601550356654,0.013960243626186579,539.961,545.4434,-1,0.0
2024-08-20 00:00:00+00:00,559.15,560.84,557.325,558.7,33732264,-0.0016261324851235548,-0.0016274560736346034,0.013960706852905581,540.207,545.9372,-1,0.0
2024-08-21 00:00:00+00:00,559.77,562.11,554.73,560.62,41514600,0.003436549131913269,0.003430657690571998,0.012854143475564132,541.1765,546.4364,-1,0.0
2024-08-22 00:00:00+00:00,562.56,563.18,554.98,556.22,56121456,-0.007848453497912966,-0.00787941471390894,0.012943527062197297,542.067,546.8218,-1,0.0
2024-08-23 00:00:00+00:00,559.53,563.09,557.29,562.13,50639393,0.010625292150587828,0.010569240428314612,0.01292197974295129,542.9515,547.2372,-1,0.0
2024-08-26 00:00:00+00:00,563.18,563.91,559.05,560.79,35788609,-0.0023837902264601807,-0.0023866359777309667,0.012952242683408029,543.7529999999999,547.604,-1,0.0
2024-08-27 00:00:00+00:00,559.49,562.06,558.32,561.56,32693898,0.0013730630004100686,0.00137212121140038,0.01285931166394755,544.731,547.9796,-1,0.0
2024-08-28 00:00:00+00:00,561.21,561.65,555.04,558.3,41066024,-0.005805256784671253,-0.005822172787435674,0.012500077673682837,545.1055,548.2036,-1,0.0
2024-08-29 00:00:00+00:00,560.31,563.68,557.18,558.35,38715176,8.955758552753323e-05,8.955357548638842e-05,0.012001605190878341,545.8725000000001,548.4008,-1,0.0
2024-08-30 00:00:00+00:00,560.77,564.2,557.14,563.68,62700110,0.0095459837019789,0.009500708701126247,0.011143009482634768,547.4114999999999,548.7344,-1,0.0
2024-09-03 00:00:00+00:00,560.47,560.81,549.51,552.08,60600113,-0.02057905194436549,-0.020793751280581006,0.009951901682805884,549.1465,548.8857999999999,1,2.0
2024-09-04 00:00:00+00:00,550.2,554.43,549.46,550.95,46232483,-0.0020468048108969183,-0.002048902378560329,0.009917879424754975,550.5865,549.05,1,0.0
2024-09-05 00:00:00+00:00,550.89,553.7995,547.1,549.61,44264258,-0.002432162628187684,-0.0024351251402282216,0.009749507546494302,552.134,549.1456,1,0.0
2024-09-06 00:00:00+00:00,549.94,551.6,539.44,540.36,68493805,-0.01683011590036576,-0.016973351692077254,0.009488305996146935,552.6195,549.0426,1,0.0
2024-09-09 00:00:00+00:00,544.65,547.71,542.68,546.41,40445822,0.011196239544007724,0.011134025598169043,0.00973665254283516,553.2905,549.0434,1,0.0
2024-09-10 00:00:00+00:00,548.36,549.15,543.38,548.79,36394579,0.004355703592540339,0.004346244971666878,0.00975848314277797,554.0665,549.1348,1,0.0
2024-09-11 00:00:00+00:00,548.7,555.36,539.96,554.42,75248608,0.010258933289600813,0.010206667589763558,0.009348584494494694,554.6855,549.3164,1,0.0
2024-09-12 00:00:00+00:00,555.01,559.4,552.74,559.09,51892735,0.008423217055661958,0.008387939723531017,0.009480706029438473,555.4525000000001,549.5179999999999,1,0.0
2024-09-13 00:00:00+00:00,559.71,563.03,559.45,562.01,39310501,0.005222772719955637,0.005209181345082117,0.008791082286928143,555.8995,549.729,1,0.0
2024-09-16 00:00:00+00:00,561.74,563.11,559.9,562.84,36656122,0.0014768420490738343,0.0014757525903619296,0.008786318381421276,556.326,549.893,1,0.0
2024-09-17 00:00:00+00:00,565.1,566.58,560.795,563.07,49320970,0.0004086418875701714,0.0004085584162131873,0.008540931723082209,556.499,550.0488,1,0.0
2024-09-18 00:00:00+00:00,563.74,568.69,560.83,561.4,59044937,-0.002965883460315899,-0.002970290408486168,0.008562416030460472,556.634,550.1604,1,0.0
2024-09-19 00:00:00+00:00,571.01,572.88,568.08,570.98,75315470,0.017064481653010333,0.016920518845091718,0.009334600817186452,557.1519999999999,550.3535999999999,1,0.0
2024-09-20 00:00:00+00:00,567.84,569.31,565.17,568.25,77503110,-0.004781253283827835,-0.004792720040221275,0.009206630919638375,557.7535,550.5889999999999,1,0.0
2024-09-23 00:00:00+00:00,569.34,570.3325,568.1,569.67,44116922,0.002498900131984172,0.0024957830727825358,0.008940089149954984,558.1305,550.7826,1,0.0
2024-09-24 00:00:00+00:00,570.48,571.36,567.6,571.3,46805672,0.0028613056681938698,0.0028572199249817408,0.008921639570189386,558.6560000000001,550.978,1,0.0
2024-09-25 00:00:00+00:00,571.14,571.89,568.91,570.04,38428587,-0.002205496236653226,-0.0022079319254054044,0.008948905231102047,559.08,551.0816,1,0.0
2024-09-26 00:00:00+00:00,574.38,574.71,569.9,572.3,48336004,0.003964634060767747,0.003956795610045245,0.008836008831424255,559.78,551.3888,1,0.0
2024-09-27 00:00:00+00:00,573.39,574.22,570.42,571.47,42100928,-0.001450288310326675,-0.0014513409963401271,0.008853585142905407,560.436,551.765,1,0.0
2024-09-30 00:00:00+00:00,570.42,574.38,568.08,573.76,63655448,0.004007209477312923,0.0039992019980517,0.008663344088859432,560.94,552.2604,1,0.0
2024-10-01 00:00:00+00:00,573.4,574.0622,566.0,568.62,72668778,-0.008958449525934165,-0.008998817706609517,0.007450129355024761,561.767,552.5398,1,0.0
2024-10-02 00:00:00+00:00,567.71,569.9,565.27,568.86,38097798,0.0004220744961485057,0.00042198544776417637,0.007408546123815156,562.6625,552.8414,1,0.0
2024-10-03 00:00:00+00:00,567.36,569.8025,565.49,567.82,40846466,-0.001828217839187074,-0.0018298910690843348,0.0073923438772820205,563.573,553.3732,1,0.0
2024-10-04 00:00:00+00:00,572.35,573.36,568.1,572.98,43005186,0.009087386847944634,0.009046345002780202,0.00614789787138199,565.204,554.0646,1,0.0
2024-10-07 00:00:00+00:00,571.3,571.9599,566.63,567.8,49964690,-0.009040455164229244,-0.009081568052748004,0.006380684555756256,566.2735,554.5318,1,0.0
2024-10-08 00:00:00+00:00,570.42,573.78,569.5299,573.17,37398693,0.009457555477280666,0.009413112792512116,0.006581132882177656,567.4925000000001,555.1,1,0.0
2024-10-09 00:00:00+00:00,573.16,577.71,572.55,577.14,37912244,0.0069263918209256925,0.0069025145611961705,0.006406109811876572,568.6285,555.8027999999999,1,0.0
2024-10-10 00:00:00+00:00,575.77,577.58,574.49,576.13,44138060,-0.0017500086634092415,-0.0017515417174031708,0.006274251268545394,569.4804999999999,556.3092,1,0.0
2024-10-11 00:00:00+00:00,576.05,580.33,575.91,579.58,42267994,0.0059882318226789355,0.0059703736197406964,0.006300301727217073,570.359,557.0405999999999,1,0.0
2024-10-14 00:00:00+00:00,581.22,585.27,580.73,584.32,36217215,0.008178336036440248,0.008145074671632304,0.006471570131166371,571.433,558.069,1,0.0
2024-10-15 00:00:00+00:00,584.59,584.9,578.545,579.78,54203636,-0.0077697152245346235,-0.0078000567272769284,0.006819415682174437,572.2684999999999,559.317,1,0.0
2024-10-16 00:00:00+00:00,579.78,582.83,578.96,582.3,30725436,0.00434647624961193,0.004337057603802122,0.006764004570752924,573.3135,560.52,1,0.0
2024-10-17 00:00:00+00:00,585.91,586.12,582.16,582.35,34393714,8.586639189434031e-05,8.586270558673028e-05,0.005742426929327916,573.882,561.7938,1,0.0
2024-10-18 00:00:00+00:00,584.07,585.39,582.58,584.59,37416801,0.0038464840731518013,0.003839105268871988,0.005607591820369444,574.699,562.8725999999999,1,0.0
2024-10-21 00:00:00+00:00,583.85,584.85,580.6001,583.63,36439010,-0.00164217656819321,-0.0016435264181308073,0.005642522677236703,575.397,563.8854,1,0.0
2024-10-22 00:00:00+00:00,581.05,584.5,580.38,583.32,34183835,-0.0005311584394221969,-0.0005312995540377734,0.005641778114139378,575.9979999999999,564.8864,1,0.0
2024-10-23 00:00:00+00:00,581.26,581.7086,574.415,577.99,49314574,-0.009137351710896358,-0.009179353360714041,0.006050829662055893,576.3955,565.6054,1,0.0
2024-10-24 00:00:00+00:00,579.98,580.06,576.57,579.24,34979860,0.0021626671741725723,0.0021603319757513505,0.006013117268074212,576.7425000000001,566.3152,1,0.0
2024-10-25 00:00:00+00:00,581.51,584.46,578.08,579.04,47268176,-0.00034528002209799347,-0.00034533964496960936,0.005998151167448391,577.121,566.8346,1,0.0
2024-10-28 00:00:00+00:00,582.58,582.71,580.52,580.83,30174704,0.0030913235700471553,0.0030865552537514716,0.005974824928913123,577.4745,567.365,1,0.0
2024-10-29 00:00:00+00:00,579.85,582.907,578.43,581.77,42899661,0.0016183737065922355,0.001617065551064632,0.00553328579269024,578.1320000000001,567.8081999999999,1,0.0
2024-10-30 00:00:00+00:00,581.29,583.32,579.29,580.01,41435839,-0.003025250528559398,-0.0030298358491037914,0.005610581747331621,578.6895000000001,568.2344,1,0.0
2024-10-31 00:00:00+00:00,575.56,575.63,568.44,568.64,60182451,-0.019603110291201875,-0.01979779980485798,0.007248547214607245,578.7305,568.3947999999999,1,0.0
2024-11-01 00:00:00+00:00,571.32,575.55,570.62,571.04,45667533,0.004220596510973618,0.00421171477556377,0.007008574597957418,578.6335,568.6912,1,0.0
2024-11-04 00:00:00+00:00,571.18,572.5,567.89,569.81,38216975,-0.0021539646959932712,-0.002156287814492032,0.006711471560501994,578.734,568.8448000000001,1,0.0
2024-11-05 00:00:00+00:00,570.74,576.74,570.52,576.7,39478322,0.012091749881539604,0.0120192286940089,0.006925190478260426,578.9105,569.163,1,0.0
2024-11-06 00:00:00+00:00,589.2,591.93,585.39,591.04,68181968,0.024865614704352224,0.024561496389508077,0.008746737565712882,579.6055,569.7526,1,0.0
2024-11-07 00:00:00+00:00,593.08,596.65,592.9999,595.61,47233212,0.007732133188955048,0.00770239344983837,0.00883344048865523,580.5795,570.4988,1,0.0
2024-11-08 00:00:00+00:00,596.17,599.64,596.165,598.19,46444893,0.004331693557865224,0.004322338778288734,0.008798823805575227,581.51,571.2955999999999,1,0.0
2024-11-11 00:00:00+00:00,599.81,600.17,597.0,598.76,37586773,0.0009528745047560072,0.0009524208080329197,0.008662572594163358,582.232,571.9972,1,0.0
2024-11-12 00:00:00+00:00,598.68,599.29,594.37,596.9,43006128,-0.0031064199345314236,-0.0031112548724308913,0.008467382150359776,583.088,572.8936,1,0.0
2024-11-13 00:00:00+00:00,597.37,599.23,594.96,597.19,47388640,0.0004858435248786819,0.00048572554112622993,0.008442806776863088,583.8325,573.8184,1,0.0
2024-11-14 00:00:00+00:00,597.32,597.81,592.65,593.35,38904109,-0.006430114368961348,-0.006450876604582226,0.00861595100334764,584.3824999999999,574.6932,1,0.0
2024-11-15 00:00:00+00:00,589.72,590.2,583.86,585.75,75988766,-0.012808628971096359,-0.012891366723243088,0.009113914433477874,584.4405,575.601,1,0.0
2024-11-18 00:00:00+00:00,586.22,589.49,585.34,588.15,37084081,0.0040973111395645745,0.004088940018545213,0.009145202700507313,584.6665,576.4358,1,0.0
2024-11-19 00:00:00+00:00,584.71,591.045,584.03,590.3,49412046,0.0036555300518574807,0.0036488648401933068,0.009170036608038801,585.0155,577.266,1,0.0
2024-11-20 00:00:00+00:00,590.38,590.79,584.63,590.5,50032576,0.0003388107741826296,0.00033875339077332414,0.008878729822132067,585.641,577.9876,1,0.0
2024-11-21 00:00:00+00:00,593.4,595.12,587.45,593.67,46750285,0.005368331922099845,0.005353973791504906,0.008927560947565768,586.3625,578.6792,1,0.0
2024-11-22 00:00:00+00:00,593.66,596.15,593.1525,595.51,38226390,0.003099364967069196,0.0030945718366895045,0.00892800882874004,587.1859999999999,579.3492,1,0.0
2024-11-25 00:00:00+00:00,599.52,600.86,595.2,597.53,42441393,0.0033920505113262944,0.0033863104846350504,0.008931187042004048,588.021,580.043,1,0.0
2024-11-26 00:00:00+00:00,598.8,601.33,598.07,600.65,45621288,0.005221495155054878,0.00520791041713731,0.008970883887134434,588.9649999999999,580.7946,1,0.0
2024-11-27 00:00:00+00:00,600.46,600.85,597.28,598.83,34000163,-0.003030050778323412,-0.0030346506764830764,0.008971015232326393,589.9060000000001,581.5432,1,0.0
2024-11-29 00:00:00+00:00,599.66,603.35,599.38,602.55,30095740,0.006212113621561821,0.006192897982499703,0.007489009573052356,591.6015,582.1745999999999,1,0.0
2024-12-02 00:00:00+00:00,602.97,604.32,602.47,603.63,31745989,0.0017923823749066425,0.0017907779744643418,0.00748661362373906,593.231,582.8822,1,0.0
2024-12-03 00:00:00+00:00,603.39,604.16,602.341,603.91,26906629,0.0004638603117803619,0.00046375276184341897,0.007417912585147966,594.9359999999999,583.567,1,0.0
2024-12-04 00:00:00+00:00,605.63,607.91,604.95,607.66,42787561,0.0062095345332913165,0.006190334813620189,0.007147487090694067,596.484,584.2941999999999,1,0.0
2024-12-05 00:00:00+00:00,607.66,608.48,606.305,606.66,28762183,-0.0016456571108843798,-0.001647012691966246,0.004920458523945112,597.265,585.0265999999999,1,0.0
2024-12-06 00:00:00+00:00,607.44,609.07,607.02,607.81,31241549,0.0018956252266508766,0.0018938307965044219,0.004687500514344173,597.875,585.7368,1,0.0
2024-12-09 00:00:00+00:00,607.69,607.86,604.08,604.68,34742738,-0.0051496355769072855,-0.005162940647360091,0.004813215598218008,598.1995,586.401,1,0.0
2024-12-10 00:00:00+00:00,605.37,605.8,602.13,602.8,37234515,-0.0031090824899120406,-0.0031139257281666607,0.0048805812041610875,598.4014999999999,586.9818,1,0.0
2024-12-11 00:00:00+00:00,605.78,608.435,605.5,607.46,28677723,0.0077305905773059624,0.007700862673177611,0.005074637247587771,598.9295,587.7586,1,0.0
2024-12-12 00:00:00+00:00,606.58,607.16,604.33,604.33,31543812,-0.005152602640503101,-0.005165923073789681,0.005251772631474763,599.2864999999999,588.4680000000001,1,0.0
2024-12-13 00:00:00+00:00,606.4,607.13,602.81,604.21,35904730,-0.0001985670080916213,-0.00019858672513011795,0.004990625699463093,599.8295,589.1958,1,0.0
2024-12-16 00:00:00+00:00,606.0,607.7795,605.21,606.79,43695179,0.0042700385627512105,0.004260947817455216,0.0038485364857971226,600.8815,589.8720000000001,1,0.0
2024-12-17 00:00:00+00:00,604.19,605.17,602.885,604.29,55773545,-0.004120041530018659,-0.004128552285611204,0.004022069951576974,601.6885,590.6017999999999,1,0.0
2024-12-18 00:00:00+00:00,603.98,606.405,585.89,586.28,108248729,-0.0298035711330652,-0.030256723999342438,0.008004717517616078,601.4875,590.864,1,0.0
2024-12-19 00:00:00+00:00,591.36,593.0,585.85,586.1,85919452,-0.00030702053626241455,-0.0003070676767162298,0.008003261760639101,601.2675,591.0432,1,0.0
2024-12-20 00:00:00+00:00,581.77,595.75,580.91,591.15,125716674,0.008616277085821356,0.008579368826738666,0.00815673414628057,601.1415,591.3436,1,0.0
2024-12-23 00:00:00+00:00,590.89,595.3,587.661,594.69,57635828,0.0059883278355747915,0.005970469061106944,0.008243001435593762,601.1005,591.6457999999999,1,0.0
2024-12-24 00:00:00+00:00,596.06,601.34,595.47,601.3,33160097,0.011115034723973682,0.011053716675293576,0.008585818291572947,601.289,591.9853999999999,1,0.0
2024-12-26 00:00:00+00:00,599.5,602.48,598.0825,601.34,41338891,6.652253450867285e-05,6.652032198299545e-05,0.008508908511772809,601.3235,592.4166,1,0.0
2024-12-27 00:00:00+00:00,597.54,597.7761,590.7647,595.01,64969310,-0.010526490837130531,-0.01058228624041855,0.00881334911721649,601.1324999999999,592.6708,1,0.0
2024-12-30 00:00:00+00:00,587.89,591.74,584.41,588.22,56578757,-0.01141157291474082,-0.011477184545126546,0.009008679178494378,600.4159999999999,592.7882,1,0.0
2024-12-31 00:00:00+00:00,589.905,590.6399,584.42,586.08,57052654,-0.003638094590459273,-0.003644728551456477,0.008996719576690708,599.5385,592.818,1,0.0
2025-01-02 00:00:00+00:00,589.39,591.13,580.5,584.64,50203975,-0.002457002457002533,-0.002460025840862423,0.008987970441262937,598.575,592.8382,1,0.0
2025-01-03 00:00:00+00:00,587.53,592.6,586.43,591.95,37888459,0.012503420908593466,0.012425898668003484,0.009376878405224349,597.7895,593.0108,1,0.0
2025-01-06 00:00:00+00:00,596.27,599.7,593.6,595.36,47679442,0.005760621674127719,0.005744092740666969,0.009506473549914268,597.2245,593.3582,1,0.0
2025-01-07 00:00:00+00:00,597.42,597.75,586.78,588.63,60393052,-0.011304084923407731,-0.011368461698192505,0.009757322910218219,596.2655000000001,593.546,1,0.0
2025-01-08 00:00:00+00:00,588.7,590.5799,585.195,589.49,47304672,0.0014610196558109134,0.0014599534050094873,0.009741148189420479,595.5060000000001,593.755,1,0.0
2025-01-10 00:00:00+00:00,585.88,585.95,578.55,580.49,73105046,-0.01526743456207913,-0.015385181844416077,0.010231886504819189,594.3905000000001,593.7482,1,0.0
2025-01-13 00:00:00+00:00,575.77,581.75,575.35,581.39,47910060,0.0015504143051559005,0.0015492136537416299,0.010018942545472193,593.087,593.7406,-1,-2.0
2025-01-14 00:00:00+00:00,584.36,585.0,578.35,582.19,48420580,0.0013760126593165278,0.0013750668214543903,0.01002207089365897,591.98,593.7841999999999,-1,0.0
2025-01-15 00:00:00+00:00,590.325,593.94,589.195,592.78,56900159,0.01818993799275126,0.018026480285188926,0.010976343433232238,591.4084999999999,594.2669999999999,-1,0.0
2025-01-16 00:00:00+00:00,594.175,594.35,590.93,591.64,43319662,-0.0019231418064037387,-0.0019249934179293732,0.010910064225889972,590.6510000000001,594.679,-1,0.0
2025-01-17 00:00:00+00:00,596.96,599.36,595.61,597.58,58070628,0.010039889121763235,0.00998982425325709,0.011167455336602428,590.3154999999999,595.2343999999999,-1,0.0
2025-01-21 00:00:00+00:00,600.67,603.06,598.67,603.05,42532853,0.009153586130727032,0.009111945972825356,0.008967852897350208,591.154,595.7614,-1,0.0
2025-01-22 00:00:00+00:00,605.92,607.82,605.36,606.44,48195973,0.005621424425835464,0.005605683184129089,0.009004647431611739,592.171,596.0694,-1,0.0
2025-01-23 00:00:00+00:00,605.8,609.75,605.52,609.75,41152102,0.005458083239891831,0.0054432418826487715,0.008904961044963288,593.101,596.3522,-1,0.0
2025-01-24 00:00:00+00:00,609.81,610.78,606.8,607.97,34604693,-0.002919229192291928,-0.0029234984524875406,0.00889603741698552,593.765,596.5477999999999,-1,0.0
2025-01-27 00:00:00+00:00,594.81,599.69,594.64,599.37,70361125,-0.014145434807638524,-0.01424643506357488,0.009193854785634519,593.6685,596.56,-1,0.0
2025-01-28 00:00:00+00:00,600.62,605.37,597.25,604.52,44433322,0.00859235530640512,0.008555651121952734,0.009398370670510213,593.8275000000001,596.7124,-1,0.0
2025-01-29 00:00:00+00:00,603.72,604.13,599.22,601.81,37177429,-0.004482895520412922,-0.004492973827814843,0.009124939571938452,594.1675,596.8048,-1,0.0
2025-01-30 00:00:00+00:00,603.96,606.6,600.715,605.04,39281255,0.0053671424535983725,0.005352790673669038,0.008724232818270587,595.0085,597.0386,-1,0.0
2025-01-31 00:00:00+00:00,607.5,609.96,601.05,601.82,66671471,-0.005321962184318241,-0.005336174271617979,0.008783809401510098,595.7955000000001,597.36,-1,0.0
2025-02-03 00:00:00+00:00,592.67,600.29,590.49,597.77,65857248,-0.006729586919677066,-0.006752332693607451,0.008932296605763156,596.452,597.5524,-1,0.0
2025-02-04 00:00:00+00:00,597.83,602.3,597.28,601.78,33457815,0.006708265720929418,0.0066858654287108065,0.008633581864367062,596.9435000000001,597.7819999999999,-1,0.0
2025-02-05 00:00:00+00:00,600.64,604.37,598.58,604.22,30653149,0.004054637907541014,0.004046440015445117,0.008590930094819885,597.3865,598.0563999999999,-1,0.0
2025-02-06 00:00:00+00:00,605.99,606.4525,602.63,606.32,35771503,0.003475555261328589,0.0034695294770691197,0.008120070568262912,598.271,598.3094,-1,0.0
2025-02-07 00:00:00+00:00,606.89,608.13,600.05,600.77,50788516,-0.009153582266789972,-0.009195733722667531,0.008463275827111275,598.8349999999999,598.4146,1,2.0
2025-02-10 00:00:00+00:00,604.03,605.4999,602.74,604.85,26048714,0.006791284518201657,0.0067683276247509526,0.007630544988992387,600.053,598.561,1,0.0
2025-02-11 00:00:00+00:00,602.55,605.86,602.43,605.31,30056740,0.0007605191369759456,0.0007602300888389014,0.007635500908831893,601.249,598.6542,1,0.0
2025-02-12 00:00:00+00:00,599.2,604.55,598.51,603.36,45076076,-0.003221489815135925,-0.0032266899846492007,0.007725399123864536,602.3075,598.7448,1,0.0
2025-02-13 00:00:00+00:00,604.48,609.94,603.2,609.73,40921297,0.010557544417926223,0.010502202720036824,0.007031308107139054,603.155,598.8884,1,0.0
2025-02-14 00:00:00+00:00,609.94,610.99,609.07,609.7,26910448,-4.9202105850132405e-05,-4.920331631344751e-05,0.0069966154580328645,604.058,599.0098,1,0.0
2025-02-18 00:00:00+00:00,610.88,611.49,608.38,611.49,26749030,0.0029358701000492538,0.0029315688499782803,0.006716453552571368,604.7535,599.1614,1,0.0
2025-02-19 00:00:00+00:00,610.08,613.23,609.56,612.93,31011072,0.0023549035961338838,0.002352135156081447,0.006458350035132591,605.2475000000001,599.2668,1,0.0
2025-02-20 00:00:00+00:00,611.54,611.684,607.02,610.38,36554002,-0.00416034457442116,-0.0041690228861182435,0.006446990646165451,605.4445,599.3412000000001,1,0.0
2025-02-21 00:00:00+00:00,610.16,610.3,599.47,599.94,76519818,-0.01710409908581534,-0.01725206381789887,0.007407402841502422,604.954,599.1838,1,0.0
2025-02-24 00:00:00+00:00,602.02,603.03,596.49,597.21,50737213,-0.004550455045504553,-0.004560839881861268,0.00744104925099523,604.416,599.0344,1,0.0
2025-02-25 00:00:00+00:00,597.15,597.89,589.56,594.24,58266472,-0.00497312503139602,-0.004985532169610801,0.006837722313667935,604.1595,598.8632,1,0.0
2025-02-26 00:00:00+00:00,595.93,599.58,591.8556,594.54,43321578,0.0005048465266557223,0.0005047191345218317,0.006508699253424357,603.6605,598.6048000000001,1,0.0
2025-02-27 00:00:00+00:00,596.85,598.02,584.65,585.05,74196664,-0.015961920139940133,-0.016090683633896055,0.007306668736950454,602.8225,598.2192,1,0.0
2025-02-28 00:00:00+00:00,585.56,594.72,582.44,594.18,88744106,0.015605503803093779,0.015484990096299429,0.00811827341635764,602.2795,598.0186,1,0.0
2025-03-03 00:00:00+00:00,596.18,597.34,579.9,583.77,74249199,-0.017519943451479336,-0.01767523412309218,0.008891415995396786,601.377,597.5581999999999,1,0.0
2025-03-04 00:00:00+00:00,579.71,585.39,572.25,576.86,109648212,-0.011836853555338478,-0.01190746688596688,0.00912039969839354,600.3315,597.0096000000001,1,0.0
2025-03-05 00:00:00+00:00,576.69,584.88,573.0795,583.06,71230528,0.010747841764032762,0.010690494254774401,0.009358930367193045,599.3955,596.9452,1,0.0
2025-03-06 00:00:00+00:00,575.48,580.1736,570.12,572.71,80094868,-0.017751174836208805,-0.017910616610670373,0.009926187807528554,597.82,596.6774,1,0.0
2025-03-07 00:00:00+00:00,570.9,577.39,565.63,575.92,81158816,0.005604930942361586,0.005589281764736165,0.010006191371520498,596.3,596.3728,-1,-2.0
2025-03-10 00:00:00+00:00,567.59,569.54,555.59,560.58,97084529,-0.026635643839421963,-0.02699680012812802,0.011296480751053908,594.2905000000001,595.6906,-1,0.0
2025-03-11 00:00:00+00:00,559.4,564.02,552.02,555.92,88102109,-0.00831281886617441,-0.008347563026847447,0.011082502573378067,591.844,594.783,-1,0.0
2025-03-12 00:00:00+00:00,562.17,563.11,553.69,558.87,69588167,0.005306518923586134,0.005292488963655007,0.011234104493805696,589.522,593.9336,-1,0.0
2025-03-13 00:00:00+00:00,558.49,559.105,549.68,551.42,74079414,-0.013330470413513096,-0.013420118728424427,0.011426646328015268,586.925,593.0618,-1,0.0
2025-03-14 00:00:00+00:00,556.11,563.83,551.4917,562.81,62660321,0.020655761488520552,0.02044532414242739,0.012312455609653024,584.579,592.5536,-1,0.0
2025-03-17 00:00:00+00:00,562.79,569.71,562.35,567.15,49008709,0.007711305769265042,0.007681725621321671,0.012560761476893136,582.4514999999999,592.175,-1,0.0
2025-03-18 00:00:00+00:00,564.8,565.02,559.06,561.02,66041422,-0.010808428105439472,-0.010867263493937702,0.012564055425145725,579.928,591.7026000000001,-1,0.0
2025-03-19 00:00:00+00:00,562.83,570.95,561.63,567.13,66555985,0.010890877330576476,0.010831998832651152,0.012938653243549232,577.638,591.2062000000001,-1,0.0
2025-03-20 00:00:00+00:00,563.33,570.57,562.6012,565.49,62958195,-0.002891753213548953,-0.002895942409903512,0.012939881971854325,575.3935,590.6088,-1,0.0
2025-03-21 00:00:00+00:00,559.28,564.89,558.03,563.98,83762964,-0.002670250579143718,-0.0026738220574662338,0.012551537912922963,573.5955,590.1157999999999,-1,0.0
2025-03-24 00:00:00+00:00,570.8,575.15,570.2,574.08,58766795,0.017908436469378453,0.01774996955398149,0.013383617477272881,572.439,589.8076,-1,0.0
2025-03-25 00:00:00+00:00,575.3,576.41,573.69,575.46,38355735,0.0024038461538462563,0.002400961537538268,0.013395760119868408,571.5,589.707,-1,0.0
2025-03-26 00:00:00+00:00,575.19,576.33,567.19,568.59,52228898,-0.011938275466583215,-0.012010108961596242,0.013584445320334915,570.2025,589.451,-1,0.0
2025-03-27 00:00:00+00:00,567.18,570.9,564.94,567.08,42164248,-0.0026556921507588926,-0.002659224756887704,0.013192110017413338,569.304,589.1488,-1,0.0
2025-03-28 00:00:00+00:00,565.53,566.2675,555.07,555.66,71662653,-0.020138252098469533,-0.020343790839198347,0.013177408767238429,567.378,588.4064000000001,-1,0.0
